Machine,CPU_Temp,GPU_Temp,Status,Failure_Probability,Action
Machine 1,88.0°C,37.3°C,✅ Healthy,2.3%,No action needed
Machine 2,88.5°C,56.7°C,✅ Healthy,6.3%,No action needed
Machine 3,97.3°C,59.5°C,✅ Healthy,14.3%,No action needed
Machine 4,54.3°C,60.9°C,✅ Healthy,9.0%,No action needed
Machine 5,62.6°C,66.2°C,✅ Healthy,23.1%,No action needed
Machine 6,82.7°C,80.7°C,✅ Healthy,10.7%,No action needed
Machine 7,67.8°C,63.4°C,✅ Healthy,5.2%,No action needed
Machine 8,73.8°C,83.9°C,🔴 Critical,99.3%,Immediate attention required!
Machine 9,70.4°C,31.9°C,✅ Healthy,1.0%,No action needed
Machine 10,64.1°C,56.4°C,✅ Healthy,8.8%,No action needed
Machine 11,73.1°C,47.5°C,✅ Healthy,5.3%,No action needed
Machine 12,67.6°C,68.9°C,✅ Healthy,4.4%,No action needed
Machine 13,49.0°C,39.6°C,✅ Healthy,7.7%,No action needed
Machine 14,52.9°C,62.7°C,✅ Healthy,5.7%,No action needed
Machine 15,72.5°C,48.0°C,✅ Healthy,3.3%,No action needed
Machine 16,79.3°C,68.9°C,✅ Healthy,12.5%,No action needed
Machine 17,73.1°C,55.8°C,✅ Healthy,7.1%,No action needed
Machine 18,56.0°C,69.6°C,✅ Healthy,26.9%,No action needed
Machine 19,75.2°C,64.0°C,✅ Healthy,9.7%,No action needed
Machine 20,66.8°C,69.7°C,✅ Healthy,19.3%,No action needed
Machine 21,64.9°C,63.1°C,🔴 Critical,97.6%,Immediate attention required!
Machine 22,87.2°C,30.0°C,✅ Healthy,7.7%,No action needed
Machine 23,66.7°C,62.7°C,✅ Healthy,8.0%,No action needed
Machine 24,64.7°C,47.5°C,✅ Healthy,9.8%,No action needed
Machine 25,66.3°C,63.5°C,✅ Healthy,4.7%,No action needed
Machine 26,65.5°C,79.9°C,🔴 Critical,85.9%,Immediate attention required!
Machine 27,62.1°C,69.6°C,✅ Healthy,10.1%,No action needed
Machine 28,82.0°C,58.5°C,✅ Healthy,10.3%,No action needed
Machine 29,58.7°C,46.2°C,✅ Healthy,3.3%,No action needed
Machine 30,79.6°C,59.5°C,✅ Healthy,10.8%,No action needed
Machine 31,61.3°C,31.7°C,✅ Healthy,6.4%,No action needed
Machine 32,52.6°C,83.3°C,✅ Healthy,3.0%,No action needed
Machine 33,70.8°C,40.8°C,✅ Healthy,4.7%,No action needed
Machine 34,70.1°C,54.4°C,✅ Healthy,7.1%,No action needed
Machine 35,74.7°C,39.0°C,✅ Healthy,7.9%,No action needed
Machine 36,54.8°C,48.5°C,✅ Healthy,11.9%,No action needed
Machine 37,72.7°C,92.4°C,✅ Healthy,5.3%,No action needed
Machine 38,70.4°C,60.3°C,✅ Healthy,7.1%,No action needed
Machine 39,100.0°C,85.4°C,✅ Healthy,4.8%,No action needed
Machine 40,47.1°C,55.1°C,✅ Healthy,7.3%,No action needed
Machine 41,53.6°C,70.2°C,✅ Healthy,8.7%,No action needed
Machine 42,60.1°C,65.0°C,✅ Healthy,30.1%,No action needed
Machine 43,43.7°C,42.6°C,🔴 Critical,90.6%,Immediate attention required!
Machine 44,75.7°C,70.7°C,✅ Healthy,7.3%,No action needed
Machine 45,49.1°C,41.8°C,✅ Healthy,8.7%,No action needed
Machine 46,60.5°C,71.6°C,✅ Healthy,3.0%,No action needed
Machine 47,72.5°C,73.9°C,✅ Healthy,5.7%,No action needed
Machine 48,58.0°C,59.2°C,✅ Healthy,4.3%,No action needed
Machine 49,53.8°C,64.2°C,✅ Healthy,11.1%,No action needed
Machine 50,66.0°C,50.1°C,✅ Healthy,4.3%,No action needed
Machine 51,64.5°C,64.9°C,✅ Healthy,17.0%,No action needed
Machine 52,48.9°C,52.1°C,✅ Healthy,15.3%,No action needed
Machine 53,66.0°C,82.9°C,✅ Healthy,22.3%,No action needed
Machine 54,75.7°C,55.4°C,✅ Healthy,9.4%,No action needed
Machine 55,46.3°C,69.2°C,✅ Healthy,9.6%,No action needed
Machine 56,79.0°C,53.8°C,✅ Healthy,4.2%,No action needed
Machine 57,72.8°C,56.5°C,✅ Healthy,23.1%,No action needed
Machine 58,51.4°C,61.5°C,✅ Healthy,17.1%,No action needed
Machine 59,44.3°C,36.7°C,✅ Healthy,6.2%,No action needed
Machine 60,66.4°C,37.8°C,✅ Healthy,5.4%,No action needed
Machine 61,87.8°C,45.0°C,🔴 Critical,96.3%,Immediate attention required!
Machine 62,30.0°C,95.0°C,✅ Healthy,3.9%,No action needed
Machine 63,96.4°C,54.6°C,✅ Healthy,7.0%,No action needed
Machine 64,68.1°C,59.3°C,✅ Healthy,22.9%,No action needed
Machine 65,35.2°C,77.2°C,✅ Healthy,10.3%,No action needed
Machine 66,68.0°C,51.3°C,✅ Healthy,11.6%,No action needed
Machine 67,79.3°C,65.3°C,✅ Healthy,10.3%,No action needed
Machine 68,58.1°C,68.7°C,✅ Healthy,10.2%,No action needed
Machine 69,55.1°C,85.0°C,✅ Healthy,9.5%,No action needed
Machine 70,72.4°C,67.6°C,✅ Healthy,3.7%,No action needed
Machine 71,77.9°C,50.4°C,✅ Healthy,12.2%,No action needed
Machine 72,68.7°C,70.1°C,✅ Healthy,12.2%,No action needed
Machine 73,56.0°C,56.3°C,✅ Healthy,13.0%,No action needed
Machine 74,61.9°C,66.4°C,✅ Healthy,14.7%,No action needed
Machine 75,60.3°C,73.3°C,✅ Healthy,12.2%,No action needed
Machine 76,64.7°C,53.5°C,✅ Healthy,4.3%,No action needed
Machine 77,58.4°C,50.6°C,✅ Healthy,2.0%,No action needed
Machine 78,55.3°C,54.7°C,✅ Healthy,6.9%,No action needed
Machine 79,53.1°C,76.8°C,✅ Healthy,3.3%,No action needed
Machine 80,61.7°C,81.6°C,✅ Healthy,10.6%,No action needed
Machine 81,69.4°C,95.0°C,✅ Healthy,14.2%,No action needed
Machine 82,87.2°C,69.5°C,🔴 Critical,97.9%,Immediate attention required!
Machine 83,69.7°C,30.0°C,✅ Healthy,10.7%,No action needed
Machine 84,63.8°C,54.9°C,✅ Healthy,7.4%,No action needed
Machine 85,73.9°C,81.1°C,✅ Healthy,11.3%,No action needed
Machine 86,66.5°C,61.1°C,✅ Healthy,4.3%,No action needed
Machine 87,74.4°C,70.8°C,✅ Healthy,21.9%,No action needed
Machine 88,70.0°C,58.6°C,✅ Healthy,14.3%,No action needed
Machine 89,77.4°C,81.7°C,✅ Healthy,9.6%,No action needed
Machine 90,66.0°C,58.9°C,🔴 Critical,91.3%,Immediate attention required!
Machine 91,56.0°C,52.0°C,✅ Healthy,1.0%,No action needed
Machine 92,42.3°C,72.6°C,✅ Healthy,0.7%,No action needed
Machine 93,63.4°C,83.2°C,✅ Healthy,9.1%,No action needed
Machine 94,49.9°C,53.3°C,✅ Healthy,2.7%,No action needed
Machine 95,34.4°C,88.2°C,✅ Healthy,22.7%,No action needed
Machine 96,43.9°C,95.0°C,✅ Healthy,7.6%,No action needed
Machine 97,78.7°C,53.1°C,✅ Healthy,13.6%,No action needed
Machine 98,77.3°C,30.0°C,✅ Healthy,6.0%,No action needed
Machine 99,39.4°C,63.7°C,✅ Healthy,8.7%,No action needed
Machine 100,56.6°C,71.3°C,✅ Healthy,4.0%,No action needed
Machine 101,71.1°C,38.9°C,✅ Healthy,7.0%,No action needed
Machine 102,75.8°C,30.0°C,✅ Healthy,1.0%,No action needed
Machine 103,43.8°C,71.3°C,🔴 Critical,97.2%,Immediate attention required!
Machine 104,52.7°C,94.5°C,✅ Healthy,12.2%,No action needed
Machine 105,66.1°C,44.9°C,✅ Healthy,2.3%,No action needed
Machine 106,52.4°C,52.7°C,✅ Healthy,6.3%,No action needed
Machine 107,56.6°C,52.3°C,🔴 Critical,96.3%,Immediate attention required!
Machine 108,75.2°C,48.3°C,🔴 Critical,87.0%,Immediate attention required!
Machine 109,51.5°C,46.2°C,✅ Healthy,10.0%,No action needed
Machine 110,49.1°C,57.6°C,✅ Healthy,9.0%,No action needed
Machine 111,60.2°C,61.1°C,✅ Healthy,8.5%,No action needed
Machine 112,79.6°C,49.5°C,🔴 Critical,100.0%,Immediate attention required!
Machine 113,62.8°C,63.5°C,✅ Healthy,11.7%,No action needed
Machine 114,66.7°C,32.9°C,✅ Healthy,9.3%,No action needed
Machine 115,63.3°C,58.7°C,✅ Healthy,4.7%,No action needed
Machine 116,74.9°C,40.0°C,✅ Healthy,1.3%,No action needed
Machine 117,55.2°C,48.7°C,✅ Healthy,8.3%,No action needed
Machine 118,67.8°C,74.7°C,✅ Healthy,9.2%,No action needed
Machine 119,47.5°C,70.9°C,✅ Healthy,2.3%,No action needed
Machine 120,63.3°C,67.9°C,✅ Healthy,18.4%,No action needed
Machine 121,99.7°C,64.6°C,✅ Healthy,3.0%,No action needed
Machine 122,65.2°C,43.3°C,✅ Healthy,2.0%,No action needed
Machine 123,66.5°C,52.2°C,✅ Healthy,13.5%,No action needed
Machine 124,68.5°C,43.4°C,✅ Healthy,1.3%,No action needed
Machine 125,68.2°C,45.3°C,✅ Healthy,3.0%,No action needed
Machine 126,48.8°C,65.2°C,✅ Healthy,6.3%,No action needed
Machine 127,66.7°C,62.8°C,✅ Healthy,6.2%,No action needed
Machine 128,80.8°C,38.9°C,✅ Healthy,2.0%,No action needed
Machine 129,50.1°C,45.2°C,✅ Healthy,8.3%,No action needed
Machine 130,74.4°C,55.8°C,✅ Healthy,11.2%,No action needed
Machine 131,92.8°C,35.1°C,🔴 Critical,97.7%,Immediate attention required!
Machine 132,100.0°C,43.1°C,✅ Healthy,8.3%,No action needed
Machine 133,60.9°C,61.9°C,✅ Healthy,6.7%,No action needed
Machine 134,43.5°C,51.6°C,✅ Healthy,9.1%,No action needed
Machine 135,68.4°C,55.0°C,✅ Healthy,5.3%,No action needed
Machine 136,60.4°C,53.5°C,✅ Healthy,5.4%,No action needed
Machine 137,68.2°C,43.8°C,✅ Healthy,4.0%,No action needed
Machine 138,56.8°C,48.6°C,✅ Healthy,3.7%,No action needed
Machine 139,69.7°C,45.3°C,✅ Healthy,3.7%,No action needed
Machine 140,46.3°C,49.5°C,✅ Healthy,2.3%,No action needed
Machine 141,63.9°C,30.0°C,✅ Healthy,5.0%,No action needed
Machine 142,72.7°C,30.0°C,✅ Healthy,3.7%,No action needed
Machine 143,81.8°C,71.4°C,✅ Healthy,19.9%,No action needed
Machine 144,59.1°C,75.6°C,✅ Healthy,10.4%,No action needed
Machine 145,80.5°C,75.8°C,✅ Healthy,11.8%,No action needed
Machine 146,89.5°C,59.5°C,✅ Healthy,12.0%,No action needed
Machine 147,43.6°C,68.6°C,🔴 Critical,97.9%,Immediate attention required!
Machine 148,75.3°C,39.8°C,🔴 Critical,95.7%,Immediate attention required!
Machine 149,64.1°C,61.8°C,✅ Healthy,32.6%,No action needed
Machine 150,50.5°C,51.6°C,✅ Healthy,17.8%,No action needed
Machine 151,61.5°C,52.7°C,✅ Healthy,12.1%,No action needed
Machine 152,64.5°C,61.6°C,✅ Healthy,15.0%,No action needed
Machine 153,54.2°C,48.0°C,✅ Healthy,4.3%,No action needed
Machine 154,49.8°C,67.5°C,✅ Healthy,11.5%,No action needed
Machine 155,54.5°C,62.9°C,✅ Healthy,17.6%,No action needed
Machine 156,60.7°C,67.1°C,✅ Healthy,35.3%,No action needed
Machine 157,87.8°C,68.4°C,✅ Healthy,24.9%,No action needed
Machine 158,57.7°C,54.5°C,✅ Healthy,4.6%,No action needed
Machine 159,74.3°C,60.7°C,✅ Healthy,8.5%,No action needed
Machine 160,57.8°C,64.3°C,✅ Healthy,17.2%,No action needed
Machine 161,36.2°C,69.8°C,✅ Healthy,5.2%,No action needed
Machine 162,69.9°C,61.2°C,✅ Healthy,15.7%,No action needed
Machine 163,80.9°C,83.5°C,✅ Healthy,8.3%,No action needed
Machine 164,60.6°C,46.4°C,✅ Healthy,12.6%,No action needed
Machine 165,44.3°C,70.6°C,✅ Healthy,7.7%,No action needed
Machine 166,30.5°C,49.8°C,✅ Healthy,7.6%,No action needed
Machine 167,47.7°C,35.6°C,✅ Healthy,3.0%,No action needed
Machine 168,76.5°C,47.0°C,✅ Healthy,1.7%,No action needed
Machine 169,72.6°C,81.7°C,✅ Healthy,9.8%,No action needed
Machine 170,68.9°C,33.3°C,✅ Healthy,3.1%,No action needed
Machine 171,35.6°C,54.2°C,✅ Healthy,5.3%,No action needed
Machine 172,72.1°C,59.6°C,🔴 Critical,99.0%,Immediate attention required!
Machine 173,78.2°C,60.4°C,✅ Healthy,7.6%,No action needed
Machine 174,82.1°C,67.2°C,✅ Healthy,9.7%,No action needed
Machine 175,62.1°C,95.0°C,✅ Healthy,10.0%,No action needed
Machine 176,77.4°C,48.3°C,✅ Healthy,3.0%,No action needed
Machine 177,79.4°C,49.0°C,✅ Healthy,10.3%,No action needed
Machine 178,52.1°C,43.1°C,✅ Healthy,8.1%,No action needed
Machine 179,68.9°C,56.3°C,✅ Healthy,8.7%,No action needed
Machine 180,53.4°C,90.2°C,✅ Healthy,5.3%,No action needed
Machine 181,51.5°C,72.3°C,✅ Healthy,11.3%,No action needed
Machine 182,70.8°C,55.4°C,✅ Healthy,9.7%,No action needed
Machine 183,58.2°C,62.9°C,🔴 Critical,95.0%,Immediate attention required!
Machine 184,71.9°C,36.4°C,✅ Healthy,7.0%,No action needed
Machine 185,57.0°C,58.8°C,✅ Healthy,9.6%,No action needed
Machine 186,84.6°C,85.0°C,🔴 Critical,95.4%,Immediate attention required!
Machine 187,59.0°C,54.2°C,✅ Healthy,7.6%,No action needed
Machine 188,80.1°C,44.9°C,✅ Healthy,7.5%,No action needed
Machine 189,73.6°C,63.2°C,✅ Healthy,16.1%,No action needed
Machine 190,61.3°C,30.0°C,✅ Healthy,5.9%,No action needed
Machine 191,52.1°C,49.8°C,✅ Healthy,5.3%,No action needed
Machine 192,53.5°C,86.9°C,✅ Healthy,10.2%,No action needed
Machine 193,41.1°C,65.5°C,✅ Healthy,11.0%,No action needed
Machine 194,82.4°C,69.5°C,✅ Healthy,10.6%,No action needed
Machine 195,63.9°C,82.4°C,✅ Healthy,7.8%,No action needed
Machine 196,91.5°C,50.8°C,✅ Healthy,20.4%,No action needed
Machine 197,76.7°C,55.9°C,✅ Healthy,4.3%,No action needed
Machine 198,54.5°C,67.2°C,🔴 Critical,99.1%,Immediate attention required!
Machine 199,54.8°C,56.0°C,✅ Healthy,12.2%,No action needed
Machine 200,65.2°C,65.0°C,🔴 Critical,96.6%,Immediate attention required!
Machine 201,76.4°C,87.0°C,🔴 Critical,100.0%,Immediate attention required!
Machine 202,57.2°C,94.1°C,✅ Healthy,7.7%,No action needed
Machine 203,60.0°C,49.1°C,✅ Healthy,3.0%,No action needed
Machine 204,71.2°C,61.6°C,✅ Healthy,11.0%,No action needed
Machine 205,52.7°C,51.8°C,✅ Healthy,3.7%,No action needed
Machine 206,47.9°C,57.2°C,✅ Healthy,8.2%,No action needed
Machine 207,54.3°C,51.9°C,✅ Healthy,10.9%,No action needed
Machine 208,30.0°C,72.4°C,✅ Healthy,11.9%,No action needed
Machine 209,100.0°C,36.2°C,✅ Healthy,3.3%,No action needed
Machine 210,69.8°C,51.7°C,✅ Healthy,1.3%,No action needed
Machine 211,46.1°C,46.2°C,✅ Healthy,10.0%,No action needed
Machine 212,76.3°C,63.4°C,✅ Healthy,6.6%,No action needed
Machine 213,61.7°C,57.2°C,✅ Healthy,19.6%,No action needed
Machine 214,74.4°C,60.4°C,✅ Healthy,7.6%,No action needed
Machine 215,57.7°C,95.0°C,🔴 Critical,97.7%,Immediate attention required!
Machine 216,64.7°C,81.3°C,✅ Healthy,5.4%,No action needed
Machine 217,83.6°C,47.7°C,✅ Healthy,9.4%,No action needed
Machine 218,81.3°C,57.2°C,✅ Healthy,11.1%,No action needed
Machine 219,62.6°C,77.8°C,✅ Healthy,14.4%,No action needed
Machine 220,97.2°C,75.4°C,✅ Healthy,2.0%,No action needed
Machine 221,33.1°C,52.7°C,🔴 Critical,99.0%,Immediate attention required!
Machine 222,50.3°C,69.3°C,🔴 Critical,98.3%,Immediate attention required!
Machine 223,68.1°C,47.1°C,✅ Healthy,3.7%,No action needed
Machine 224,51.7°C,64.9°C,✅ Healthy,5.9%,No action needed
Machine 225,46.5°C,40.6°C,✅ Healthy,9.3%,No action needed
Machine 226,75.4°C,50.8°C,✅ Healthy,2.0%,No action needed
Machine 227,47.0°C,67.8°C,✅ Healthy,7.0%,No action needed
Machine 228,64.2°C,51.5°C,✅ Healthy,4.3%,No action needed
Machine 229,62.7°C,72.5°C,✅ Healthy,7.3%,No action needed
Machine 230,79.6°C,53.7°C,✅ Healthy,6.6%,No action needed
Machine 231,64.6°C,59.2°C,✅ Healthy,19.6%,No action needed
Machine 232,72.7°C,47.2°C,✅ Healthy,1.7%,No action needed
Machine 233,89.4°C,44.7°C,🔴 Critical,89.0%,Immediate attention required!
Machine 234,88.7°C,51.1°C,✅ Healthy,5.0%,No action needed
Machine 235,72.8°C,63.0°C,✅ Healthy,15.0%,No action needed
Machine 236,43.3°C,64.3°C,✅ Healthy,9.6%,No action needed
Machine 237,71.2°C,74.8°C,✅ Healthy,2.7%,No action needed
Machine 238,47.1°C,63.0°C,✅ Healthy,6.4%,No action needed
Machine 239,68.8°C,87.7°C,✅ Healthy,27.2%,No action needed
Machine 240,86.8°C,86.3°C,✅ Healthy,17.9%,No action needed
Machine 241,92.5°C,77.5°C,🔴 Critical,98.7%,Immediate attention required!
Machine 242,61.6°C,41.7°C,✅ Healthy,5.0%,No action needed
Machine 243,49.1°C,63.7°C,✅ Healthy,5.5%,No action needed
Machine 244,58.0°C,64.1°C,✅ Healthy,18.0%,No action needed
Machine 245,52.4°C,95.0°C,✅ Healthy,5.6%,No action needed
Machine 246,53.0°C,80.3°C,✅ Healthy,4.1%,No action needed
Machine 247,70.4°C,53.8°C,✅ Healthy,9.7%,No action needed
Machine 248,45.1°C,75.1°C,✅ Healthy,8.4%,No action needed
Machine 249,84.6°C,75.5°C,✅ Healthy,5.6%,No action needed
Machine 250,93.5°C,82.6°C,✅ Healthy,8.9%,No action needed
Machine 251,56.4°C,38.5°C,✅ Healthy,6.7%,No action needed
Machine 252,78.5°C,59.4°C,✅ Healthy,7.0%,No action needed
Machine 253,89.7°C,53.3°C,✅ Healthy,13.6%,No action needed
Machine 254,65.9°C,73.9°C,✅ Healthy,4.0%,No action needed
Machine 255,69.6°C,70.2°C,✅ Healthy,10.5%,No action needed
Machine 256,88.3°C,69.1°C,✅ Healthy,24.9%,No action needed
Machine 257,46.4°C,30.0°C,✅ Healthy,3.3%,No action needed
Machine 258,45.2°C,76.0°C,✅ Healthy,12.2%,No action needed
Machine 259,45.2°C,59.2°C,✅ Healthy,3.3%,No action needed
Machine 260,50.9°C,49.6°C,✅ Healthy,10.3%,No action needed
Machine 261,73.8°C,66.9°C,✅ Healthy,10.5%,No action needed
Machine 262,44.0°C,80.2°C,✅ Healthy,3.7%,No action needed
Machine 263,66.5°C,69.9°C,✅ Healthy,6.6%,No action needed
Machine 264,69.4°C,56.0°C,✅ Healthy,24.5%,No action needed
Machine 265,67.8°C,37.5°C,✅ Healthy,10.2%,No action needed
Machine 266,77.8°C,75.2°C,✅ Healthy,15.7%,No action needed
Machine 267,34.0°C,69.8°C,✅ Healthy,7.0%,No action needed
Machine 268,68.9°C,45.3°C,✅ Healthy,3.7%,No action needed
Machine 269,62.9°C,71.2°C,✅ Healthy,13.5%,No action needed
Machine 270,86.0°C,88.2°C,🔴 Critical,99.3%,Immediate attention required!
Machine 271,72.2°C,67.3°C,✅ Healthy,5.7%,No action needed
Machine 272,81.2°C,49.4°C,✅ Healthy,1.7%,No action needed
Machine 273,57.9°C,62.8°C,🔴 Critical,99.3%,Immediate attention required!
Machine 274,66.8°C,55.4°C,✅ Healthy,4.0%,No action needed
Machine 275,77.2°C,60.4°C,✅ Healthy,14.4%,No action needed
Machine 276,87.1°C,51.7°C,✅ Healthy,4.0%,No action needed
Machine 277,70.1°C,68.8°C,🔴 Critical,99.7%,Immediate attention required!
Machine 278,58.0°C,69.7°C,✅ Healthy,2.7%,No action needed
Machine 279,97.0°C,68.4°C,✅ Healthy,6.5%,No action needed
Machine 280,97.9°C,52.3°C,✅ Healthy,9.7%,No action needed
Machine 281,76.2°C,61.4°C,✅ Healthy,6.7%,No action needed
Machine 282,40.8°C,71.1°C,🔴 Critical,97.0%,Immediate attention required!
Machine 283,82.7°C,53.3°C,✅ Healthy,10.0%,No action needed
Machine 284,66.2°C,59.1°C,✅ Healthy,21.2%,No action needed
Machine 285,57.4°C,76.4°C,✅ Healthy,6.7%,No action needed
Machine 286,95.9°C,76.1°C,🔴 Critical,96.6%,Immediate attention required!
Machine 287,55.7°C,35.1°C,✅ Healthy,2.0%,No action needed
Machine 288,45.4°C,87.7°C,✅ Healthy,4.1%,No action needed
Machine 289,78.1°C,52.2°C,✅ Healthy,7.5%,No action needed
Machine 290,57.6°C,63.1°C,✅ Healthy,7.6%,No action needed
Machine 291,50.0°C,51.4°C,✅ Healthy,5.2%,No action needed
Machine 292,70.4°C,43.8°C,✅ Healthy,11.6%,No action needed
Machine 293,39.3°C,57.5°C,✅ Healthy,10.3%,No action needed
Machine 294,52.7°C,59.3°C,✅ Healthy,8.5%,No action needed
Machine 295,65.9°C,64.2°C,✅ Healthy,24.7%,No action needed
Machine 296,100.0°C,79.1°C,✅ Healthy,14.0%,No action needed
Machine 297,56.1°C,52.8°C,🔴 Critical,96.2%,Immediate attention required!
Machine 298,61.0°C,38.3°C,✅ Healthy,9.3%,No action needed
Machine 299,48.8°C,73.2°C,✅ Healthy,3.7%,No action needed
Machine 300,50.7°C,66.4°C,🔴 Critical,90.0%,Immediate attention required!
Machine 301,61.3°C,62.0°C,✅ Healthy,13.8%,No action needed
Machine 302,55.2°C,34.5°C,✅ Healthy,7.9%,No action needed
Machine 303,81.5°C,53.4°C,✅ Healthy,4.0%,No action needed
Machine 304,79.5°C,49.3°C,✅ Healthy,6.3%,No action needed
Machine 305,53.3°C,72.3°C,✅ Healthy,15.0%,No action needed
Machine 306,67.3°C,41.2°C,✅ Healthy,5.7%,No action needed
Machine 307,71.7°C,47.1°C,✅ Healthy,2.7%,No action needed
Machine 308,65.7°C,66.1°C,🔴 Critical,94.3%,Immediate attention required!
Machine 309,69.5°C,61.9°C,✅ Healthy,27.4%,No action needed
Machine 310,76.9°C,48.1°C,✅ Healthy,1.7%,No action needed
Machine 311,61.8°C,52.0°C,✅ Healthy,4.8%,No action needed
Machine 312,57.9°C,62.6°C,✅ Healthy,7.7%,No action needed
Machine 313,65.1°C,60.4°C,🔴 Critical,97.5%,Immediate attention required!
Machine 314,85.3°C,62.2°C,✅ Healthy,3.3%,No action needed
Machine 315,56.5°C,58.1°C,✅ Healthy,13.3%,No action needed
Machine 316,35.7°C,76.2°C,✅ Healthy,4.7%,No action needed
Machine 317,48.1°C,63.3°C,✅ Healthy,11.0%,No action needed
Machine 318,67.6°C,41.3°C,✅ Healthy,16.0%,No action needed
Machine 319,65.4°C,57.3°C,✅ Healthy,13.6%,No action needed
Machine 320,46.8°C,81.8°C,✅ Healthy,2.7%,No action needed
Machine 321,72.1°C,53.6°C,✅ Healthy,9.9%,No action needed
Machine 322,50.2°C,41.2°C,🔴 Critical,97.9%,Immediate attention required!
Machine 323,42.8°C,30.0°C,✅ Healthy,16.0%,No action needed
Machine 324,94.5°C,69.6°C,🔴 Critical,90.9%,Immediate attention required!
Machine 325,85.3°C,53.9°C,✅ Healthy,4.6%,No action needed
Machine 326,46.4°C,69.2°C,✅ Healthy,8.2%,No action needed
Machine 327,57.5°C,63.7°C,✅ Healthy,12.8%,No action needed
Machine 328,72.6°C,50.6°C,✅ Healthy,1.0%,No action needed
Machine 329,72.1°C,56.4°C,🔴 Critical,97.6%,Immediate attention required!
Machine 330,57.1°C,75.7°C,✅ Healthy,4.7%,No action needed
Machine 331,74.8°C,57.8°C,🔴 Critical,96.6%,Immediate attention required!
Machine 332,68.6°C,56.4°C,🔴 Critical,93.2%,Immediate attention required!
Machine 333,46.7°C,60.7°C,✅ Healthy,27.5%,No action needed
Machine 334,56.0°C,63.9°C,🔴 Critical,97.3%,Immediate attention required!
Machine 335,51.7°C,78.7°C,✅ Healthy,9.0%,No action needed
Machine 336,40.9°C,56.1°C,✅ Healthy,17.1%,No action needed
Machine 337,63.3°C,78.1°C,✅ Healthy,8.4%,No action needed
Machine 338,68.7°C,43.2°C,✅ Healthy,7.7%,No action needed
Machine 339,37.0°C,34.3°C,🔴 Critical,98.0%,Immediate attention required!
Machine 340,43.0°C,52.3°C,✅ Healthy,10.3%,No action needed
Machine 341,59.2°C,57.7°C,✅ Healthy,28.5%,No action needed
Machine 342,53.1°C,32.4°C,✅ Healthy,5.7%,No action needed
Machine 343,53.7°C,59.9°C,✅ Healthy,5.9%,No action needed
Machine 344,97.8°C,59.8°C,✅ Healthy,21.7%,No action needed
Machine 345,61.0°C,74.0°C,✅ Healthy,15.4%,No action needed
Machine 346,67.6°C,43.1°C,✅ Healthy,9.4%,No action needed
Machine 347,51.9°C,51.4°C,🔴 Critical,96.3%,Immediate attention required!
Machine 348,91.3°C,44.6°C,✅ Healthy,2.0%,No action needed
Machine 349,72.7°C,40.8°C,✅ Healthy,3.3%,No action needed
Machine 350,88.8°C,65.7°C,🔴 Critical,90.2%,Immediate attention required!
Machine 351,42.2°C,45.8°C,✅ Healthy,7.2%,No action needed
Machine 352,42.0°C,63.7°C,✅ Healthy,10.4%,No action needed
Machine 353,61.5°C,50.2°C,✅ Healthy,4.7%,No action needed
Machine 354,84.0°C,67.4°C,✅ Healthy,10.0%,No action needed
Machine 355,57.3°C,59.3°C,✅ Healthy,21.4%,No action needed
Machine 356,43.8°C,71.4°C,✅ Healthy,5.4%,No action needed
Machine 357,66.0°C,60.3°C,✅ Healthy,11.6%,No action needed
Machine 358,38.6°C,59.0°C,✅ Healthy,5.0%,No action needed
Machine 359,74.8°C,66.0°C,🔴 Critical,95.7%,Immediate attention required!
Machine 360,52.8°C,30.0°C,✅ Healthy,5.0%,No action needed
Machine 361,65.1°C,53.3°C,✅ Healthy,11.5%,No action needed
Machine 362,56.2°C,64.1°C,✅ Healthy,6.3%,No action needed
Machine 363,76.4°C,76.5°C,✅ Healthy,11.4%,No action needed
Machine 364,62.2°C,91.1°C,✅ Healthy,9.2%,No action needed
Machine 365,80.9°C,57.0°C,✅ Healthy,17.6%,No action needed
Machine 366,64.8°C,59.0°C,✅ Healthy,7.9%,No action needed
Machine 367,43.5°C,86.6°C,✅ Healthy,3.3%,No action needed
Machine 368,76.9°C,52.2°C,✅ Healthy,12.1%,No action needed
Machine 369,70.4°C,52.2°C,✅ Healthy,2.6%,No action needed
Machine 370,70.5°C,37.1°C,✅ Healthy,2.3%,No action needed
Machine 371,70.6°C,60.7°C,🔴 Critical,96.0%,Immediate attention required!
Machine 372,74.7°C,77.9°C,✅ Healthy,7.7%,No action needed
Machine 373,54.0°C,62.9°C,✅ Healthy,5.9%,No action needed
Machine 374,51.1°C,51.4°C,✅ Healthy,5.0%,No action needed
Machine 375,69.2°C,58.9°C,✅ Healthy,20.1%,No action needed
Machine 376,82.4°C,59.5°C,✅ Healthy,8.9%,No action needed
Machine 377,85.5°C,37.2°C,✅ Healthy,2.7%,No action needed
Machine 378,77.2°C,40.7°C,✅ Healthy,9.2%,No action needed
Machine 379,48.4°C,73.1°C,🔴 Critical,99.0%,Immediate attention required!
Machine 380,88.2°C,35.2°C,✅ Healthy,3.3%,No action needed
Machine 381,66.5°C,60.8°C,✅ Healthy,20.9%,No action needed
Machine 382,73.6°C,53.2°C,✅ Healthy,2.3%,No action needed
Machine 383,58.0°C,60.7°C,✅ Healthy,10.6%,No action needed
Machine 384,82.4°C,83.7°C,✅ Healthy,4.5%,No action needed
Machine 385,68.2°C,70.6°C,✅ Healthy,25.8%,No action needed
Machine 386,77.2°C,78.0°C,✅ Healthy,9.0%,No action needed
Machine 387,52.6°C,74.1°C,✅ Healthy,11.3%,No action needed
Machine 388,39.1°C,51.3°C,✅ Healthy,8.1%,No action needed
Machine 389,93.0°C,60.2°C,✅ Healthy,18.9%,No action needed
Machine 390,76.1°C,72.5°C,✅ Healthy,11.4%,No action needed
Machine 391,52.9°C,77.8°C,✅ Healthy,18.6%,No action needed
Machine 392,57.0°C,59.4°C,🔴 Critical,92.6%,Immediate attention required!
Machine 393,65.7°C,79.2°C,✅ Healthy,26.0%,No action needed
Machine 394,53.4°C,61.7°C,🔴 Critical,98.1%,Immediate attention required!
Machine 395,59.2°C,69.3°C,✅ Healthy,10.2%,No action needed
Machine 396,87.5°C,66.6°C,✅ Healthy,2.6%,No action needed
Machine 397,47.3°C,51.7°C,✅ Healthy,7.3%,No action needed
Machine 398,60.2°C,45.0°C,✅ Healthy,9.2%,No action needed
Machine 399,34.6°C,63.8°C,✅ Healthy,23.4%,No action needed
Machine 400,72.7°C,86.3°C,✅ Healthy,13.9%,No action needed
Machine 401,79.3°C,51.8°C,✅ Healthy,12.9%,No action needed
Machine 402,54.6°C,75.8°C,✅ Healthy,16.2%,No action needed
Machine 403,49.5°C,66.9°C,✅ Healthy,17.6%,No action needed
Machine 404,78.8°C,39.7°C,✅ Healthy,3.3%,No action needed
Machine 405,90.3°C,56.7°C,⚠️  Warning,62.0%,Schedule maintenance soon
Machine 406,55.3°C,82.6°C,✅ Healthy,6.0%,No action needed
Machine 407,74.2°C,53.1°C,✅ Healthy,34.9%,No action needed
Machine 408,69.7°C,50.7°C,✅ Healthy,6.7%,No action needed
Machine 409,67.0°C,87.2°C,✅ Healthy,30.4%,No action needed
Machine 410,73.4°C,75.7°C,✅ Healthy,24.5%,No action needed
Machine 411,76.8°C,51.8°C,✅ Healthy,27.9%,No action needed
Machine 412,60.5°C,81.6°C,⚠️  Warning,54.7%,Schedule maintenance soon
Machine 413,61.4°C,62.3°C,⚠️  Warning,73.5%,Schedule maintenance soon
Machine 414,56.0°C,54.1°C,✅ Healthy,23.1%,No action needed
Machine 415,58.3°C,54.6°C,✅ Healthy,14.2%,No action needed
Machine 416,62.0°C,46.6°C,✅ Healthy,20.6%,No action needed
Machine 417,76.6°C,70.5°C,✅ Healthy,14.9%,No action needed
Machine 418,71.1°C,88.2°C,✅ Healthy,17.6%,No action needed
Machine 419,74.2°C,63.8°C,🔴 Critical,85.4%,Immediate attention required!
Machine 420,56.3°C,76.6°C,✅ Healthy,17.7%,No action needed
Machine 421,62.9°C,88.6°C,✅ Healthy,31.8%,No action needed
Machine 422,64.5°C,73.1°C,✅ Healthy,31.4%,No action needed
Machine 423,40.9°C,45.5°C,⚠️  Warning,68.7%,Schedule maintenance soon
Machine 424,38.6°C,50.9°C,✅ Healthy,15.0%,No action needed
Machine 425,66.0°C,62.9°C,✅ Healthy,14.0%,No action needed
Machine 426,61.7°C,65.1°C,🔴 Critical,78.8%,Immediate attention required!
Machine 427,50.9°C,69.1°C,✅ Healthy,13.2%,No action needed
Machine 428,77.3°C,50.2°C,⚠️  Warning,72.0%,Schedule maintenance soon
Machine 429,49.6°C,58.6°C,✅ Healthy,29.9%,No action needed
Machine 430,75.3°C,65.7°C,✅ Healthy,16.7%,No action needed
Machine 431,68.4°C,64.3°C,✅ Healthy,36.8%,No action needed
Machine 432,79.5°C,52.8°C,⚠️  Warning,45.3%,Schedule maintenance soon
Machine 433,56.5°C,56.8°C,✅ Healthy,19.6%,No action needed
Machine 434,85.5°C,50.2°C,✅ Healthy,6.7%,No action needed
Machine 435,54.8°C,77.5°C,✅ Healthy,17.9%,No action needed
Machine 436,68.5°C,67.4°C,✅ Healthy,22.3%,No action needed
Machine 437,61.2°C,77.2°C,✅ Healthy,32.7%,No action needed
Machine 438,63.3°C,40.8°C,✅ Healthy,10.2%,No action needed
Machine 439,36.3°C,46.4°C,🔴 Critical,79.9%,Immediate attention required!
Machine 440,65.3°C,37.7°C,⚠️  Warning,63.7%,Schedule maintenance soon
Machine 441,57.1°C,72.5°C,⚠️  Warning,45.4%,Schedule maintenance soon
Machine 442,93.1°C,54.6°C,✅ Healthy,12.7%,No action needed
Machine 443,65.2°C,74.6°C,✅ Healthy,21.7%,No action needed
Machine 444,77.3°C,56.2°C,✅ Healthy,26.9%,No action needed
Machine 445,74.4°C,53.7°C,✅ Healthy,13.3%,No action needed
Machine 446,66.2°C,56.3°C,🔴 Critical,86.0%,Immediate attention required!
Machine 447,51.2°C,44.8°C,✅ Healthy,5.7%,No action needed
Machine 448,84.2°C,63.3°C,✅ Healthy,25.8%,No action needed
Machine 449,63.1°C,71.8°C,⚠️  Warning,54.1%,Schedule maintenance soon
Machine 450,63.0°C,76.0°C,✅ Healthy,16.3%,No action needed
Machine 451,78.0°C,60.4°C,✅ Healthy,29.7%,No action needed
Machine 452,80.5°C,65.1°C,🔴 Critical,81.7%,Immediate attention required!
Machine 453,71.0°C,86.9°C,✅ Healthy,29.1%,No action needed
Machine 454,69.9°C,61.3°C,✅ Healthy,17.0%,No action needed
Machine 455,63.4°C,65.1°C,✅ Healthy,26.4%,No action needed
Machine 456,69.2°C,38.9°C,✅ Healthy,8.3%,No action needed
Machine 457,75.0°C,43.9°C,✅ Healthy,14.3%,No action needed
Machine 458,42.3°C,66.7°C,✅ Healthy,11.0%,No action needed
Machine 459,49.4°C,87.0°C,🔴 Critical,90.0%,Immediate attention required!
Machine 460,63.9°C,54.4°C,✅ Healthy,11.4%,No action needed
Machine 461,53.7°C,76.4°C,✅ Healthy,25.4%,No action needed
Machine 462,70.0°C,65.9°C,⚠️  Warning,66.7%,Schedule maintenance soon
Machine 463,70.2°C,65.6°C,⚠️  Warning,48.9%,Schedule maintenance soon
Machine 464,57.9°C,62.5°C,🔴 Critical,75.7%,Immediate attention required!
Machine 465,74.5°C,67.1°C,✅ Healthy,32.5%,No action needed
Machine 466,96.8°C,45.4°C,✅ Healthy,22.0%,No action needed
Machine 467,61.6°C,68.2°C,🔴 Critical,82.0%,Immediate attention required!
Machine 468,77.2°C,62.9°C,⚠️  Warning,47.5%,Schedule maintenance soon
Machine 469,47.0°C,66.7°C,✅ Healthy,18.2%,No action needed
Machine 470,50.4°C,51.4°C,✅ Healthy,10.0%,No action needed
Machine 471,68.0°C,49.1°C,🔴 Critical,85.7%,Immediate attention required!
Machine 472,63.7°C,58.5°C,⚠️  Warning,67.3%,Schedule maintenance soon
Machine 473,77.8°C,77.4°C,✅ Healthy,24.8%,No action needed
Machine 474,67.3°C,87.7°C,✅ Healthy,37.8%,No action needed
Machine 475,77.7°C,40.8°C,✅ Healthy,21.0%,No action needed
Machine 476,84.2°C,83.7°C,✅ Healthy,16.6%,No action needed
Machine 477,57.4°C,65.7°C,✅ Healthy,24.6%,No action needed
Machine 478,54.4°C,62.8°C,🔴 Critical,89.6%,Immediate attention required!
Machine 479,73.2°C,78.8°C,✅ Healthy,17.4%,No action needed
Machine 480,69.5°C,70.4°C,✅ Healthy,27.0%,No action needed
Machine 481,41.7°C,34.6°C,✅ Healthy,15.7%,No action needed
Machine 482,70.2°C,76.9°C,✅ Healthy,8.7%,No action needed
Machine 483,52.6°C,69.5°C,✅ Healthy,27.6%,No action needed
Machine 484,61.5°C,65.7°C,✅ Healthy,22.8%,No action needed
Machine 485,86.8°C,39.3°C,✅ Healthy,18.3%,No action needed
Machine 486,69.9°C,47.3°C,✅ Healthy,11.9%,No action needed
Machine 487,56.7°C,68.5°C,✅ Healthy,29.0%,No action needed
Machine 488,64.8°C,39.8°C,✅ Healthy,13.3%,No action needed
Machine 489,60.3°C,59.4°C,✅ Healthy,35.0%,No action needed
Machine 490,74.2°C,49.9°C,✅ Healthy,23.8%,No action needed
Machine 491,51.4°C,67.1°C,⚠️  Warning,50.7%,Schedule maintenance soon
Machine 492,44.3°C,68.6°C,✅ Healthy,29.4%,No action needed
Machine 493,87.0°C,35.0°C,⚠️  Warning,46.7%,Schedule maintenance soon
Machine 494,52.3°C,70.7°C,✅ Healthy,23.9%,No action needed
Machine 495,88.1°C,85.1°C,✅ Healthy,34.0%,No action needed
Machine 496,93.3°C,48.4°C,✅ Healthy,18.9%,No action needed
Machine 497,86.6°C,70.6°C,⚠️  Warning,46.3%,Schedule maintenance soon
Machine 498,54.2°C,50.4°C,✅ Healthy,16.3%,No action needed
Machine 499,66.1°C,52.5°C,✅ Healthy,26.3%,No action needed
Machine 500,59.9°C,73.0°C,🔴 Critical,77.5%,Immediate attention required!
