CPU_Temp,GPU_Temp,Ambient_Temp,Fan_Speed,CPU_Usage,RAM_Usage,Disk_IO,PSU_Voltage,Vibration,Uptime,Machine_Failure,Split
87.99108369503867,37.26383827504152,27.896457498005443,1743.2424819479347,22.94659428312931,52.09691627970099,15.632782644464484,11.605330747140163,1.175387749565239,178.34433939625092,0,train
88.4696548372101,56.71349206786704,18.58503887905715,1093.0254586129786,53.94631414811191,38.744884573956384,181.59284495445544,12.097025971802937,1.8550954209185686,127.67394335517257,0,train
97.29773686267335,59.503095406893046,32.35585163746804,1893.0926238358825,72.34797631804922,39.22352667822745,15.867065293865707,11.630314296270482,2.9944473755089076,18.495617158605896,0,train
54.28472872960448,60.888276510217324,30.04908544671317,1411.3795769582912,37.672771839210455,61.36313067666539,18.436209226952727,12.18207014802733,1.7828689250537975,199.3554698484748,0,train
62.580714325009865,66.20152354835551,30.540914083687582,1355.1769433453903,26.21176214265344,24.391365257169397,63.519876509629526,12.39106500076573,1.9373604226727652,31.706639240307894,0,train
82.69160181081931,80.7323848655629,23.173392243439455,1473.4911122383994,48.331240604192786,52.70671599186474,198.6271088394904,11.8034736214693,2.8396638644311887,41.3597520375362,0,train
67.75013008607527,63.35681927458348,30.19952343698038,1437.2334378766416,23.479046278359235,23.305511088277846,51.77311025449043,12.1215023610272,4.04206965292788,3.5792217449236685,0,train
73.80285640700406,83.89779939959095,33.16715766150548,2061.989332865264,50.449317856240924,50.24406989898743,93.03013996683829,12.948883508372989,2.307676653401114,123.30019206786895,1,train
70.42454037571451,31.938121184612164,22.661493993440544,1031.2362429340371,78.45496272199881,61.461277916416634,111.26320586237748,12.11216982838904,0.8107675349228709,29.147244777729558,0,train
64.05981354090243,56.38145913215505,26.544165062994818,968.0902595379356,31.67616169037515,70.1498629136704,76.11772086979974,12.257647160812233,1.505034519631927,98.10734233162786,0,train
73.13840065378947,47.535748253834434,22.32382394219716,1943.2590243165787,68.75140275253116,6.938551081410743,76.44376740910607,11.733199846780417,2.6333268260712384,10.922917109409774,0,train
67.59771388776772,68.89651886952575,17.035031332341653,1537.9138738639235,53.79412335220791,48.34649916421337,23.247987623382016,12.436098500036488,0.0,67.79966293726646,0,train
48.98569355926108,39.60215788530121,17.89094666629078,1028.7371543794502,24.008375261448048,29.595139877868654,134.10347450313157,12.66271605454754,1.8847757674478025,13.54041457248623,0,train
52.87259595660218,62.72799382587743,26.909677261157768,1628.6449500991719,38.98926301016833,67.41173084527209,90.70771239036263,12.035626874955446,3.311167497802624,90.64483164417831,0,train
72.46997436868175,48.02554133192319,33.558542400711715,1435.5236909133794,39.034254070187984,51.459667588787106,40.235311820037765,12.078880719646884,1.4539582011832788,27.29184732281616,0,train
79.25635757279075,68.85982246038463,25.160020745328833,1357.8481958787252,67.80396822249574,30.37445470717841,143.0818062248972,12.071524384939476,2.145836470215384,142.51189713947633,0,train
73.08365065526988,55.78349560671067,35.03046444079561,1821.0450714949282,66.26410373495955,41.937012962971565,196.75770200301145,12.014228790591579,3.677377087805489,277.22875259896006,0,train
55.97440081655905,69.57888688166061,23.713117312883274,1542.2658740733611,66.14245193274621,51.84080192028636,-24.41636767064948,12.748715841589814,2.862223511886977,18.25398744702175,0,train
75.22929456942445,64.00575398803889,19.674431684623137,854.4553796012085,66.77881000939225,52.05166818338465,97.30475754971305,11.808591405193516,0.8725039010469613,60.68903676830766,0,train
66.80443447567848,69.68226271711613,23.38660080578932,1141.8224980802834,66.22793108983184,28.749678550104658,88.87625516108673,12.292952100582324,2.54090851856099,67.93036956154765,0,train
64.88041038025074,63.125742119213285,22.240709270537767,1740.1228575683047,49.723245078115255,77.90985138133932,83.64913411951144,11.15540848101637,2.3954209853880384,14.575044613225282,1,train
87.19916208335039,30.0,37.79099642834126,1726.2873989440723,36.20544451871652,55.05295800981209,89.32716103247809,11.76436812964874,1.042431044984788,15.738933978565647,0,train
66.70276017876873,62.66551501399881,25.66770452391141,1078.10476089845,15.483865424188068,61.86292685331306,56.91484648718709,11.924839769864064,4.093197932209945,77.12841710448313,0,train
64.72230296011415,47.51466640343657,22.268777758737585,1917.7395900192987,42.61445721507594,22.052027731309956,103.9288514859575,11.302105398903757,2.227034478864889,188.52120239358592,0,train
66.30570602357257,63.53421837162849,17.217090506701247,1015.4604552283472,62.315422995422836,76.60443096881093,138.75777470173915,11.584022541252775,1.6368833388444335,2.8524488794425844,0,train
65.52895327957593,79.93728795198646,18.878508818553172,1585.6662224572972,64.85364836719445,24.78525691900749,194.86443473865558,12.94522034257789,3.849362141386381,180.83700693350846,1,train
62.14491982874588,69.61264291900514,31.041831152965713,1235.4376046316847,44.40479663008331,8.955985612959392,97.59557463346137,11.839851097731678,3.0768481446576805,16.942689529567183,0,train
82.03348460270898,58.549303321944116,21.53547401102046,1463.8856508139206,62.09030652710734,78.3091931169529,41.09795663118096,11.342092091786247,1.4619522415098616,17.980399861983347,0,train
58.69032015851961,46.167520137335615,10.518723109031553,1912.4629257444553,31.95896891284979,55.4927861491534,142.7777829510356,11.640445274275407,1.2211629571795652,17.880250537994094,0,train
79.62679600126627,59.47972668919828,25.743337286010558,1316.2687876078687,67.80766327039572,33.91540051562455,169.97973225728967,11.514937869810177,2.473038282160215,155.54894701613512,0,train
61.264459406654325,31.656889035817034,28.241402169219295,1383.4444640733343,64.43125010252287,42.64384478178701,35.770786715001535,12.095788698097044,2.5140625524247757,181.05737778139797,0,train
52.61754204811233,83.25750739221115,21.9329866822953,1156.8821378038015,60.013314427624195,87.60341473932517,31.708792229228052,12.618826878756,0.33891658443282746,101.94365611778085,0,train
70.76098173408961,40.79543401993658,28.314406343337062,1592.4151618512308,84.99167808410841,64.91426276448618,107.27605988841204,12.189576559363061,0.6430644303004247,101.44618235122162,0,train
70.11727962224965,54.428387010063126,24.687034360502388,1223.2769446504492,53.03515984497481,26.52895359518154,138.80139569217377,12.410079093377743,1.033753680246746,27.01309659716003,0,train
74.71532807151038,39.02148639271288,25.29815184960087,1254.5403349733078,34.15160158000077,31.71729042041693,79.31972332891779,12.022611354499992,2.0180168720444467,34.92982733782499,0,train
54.842574327318324,48.483036523438074,32.45363068424976,1586.1372495605472,42.85941598386781,33.1501729542674,128.70356104470005,11.288512537369163,2.1994239859867672,44.0161060076273,0,train
72.71658251088124,92.4488208495819,23.745834917724764,1542.882928429112,27.034734224947634,71.42873042156432,202.3431097859779,11.631614932026189,2.876169167191233,8.549083073875872,0,train
70.4209340826262,60.276275687843274,24.76539710560408,1738.2794038865482,69.30794969182341,40.95594987400071,36.53347517266504,11.851258899563074,2.572006278300473,31.1971031263285,0,train
100.0,85.44684552435058,33.7478837159347,1207.6412085988077,49.98582810846708,79.08533397080271,122.5612659659254,12.01972352412037,0.8739460390889497,150.50102037746925,0,train
47.05690063878994,55.10964701748238,16.301431106109504,1765.2136189083149,47.93556494135007,46.384593891857925,73.53339437758146,12.597296110256865,2.3185210047988747,275.16348232681753,0,train
53.61301007669453,70.22837234439467,28.710476860046533,1492.0782729123218,50.65593990823173,0.0,155.29502121786544,11.967961117925642,1.3925277123796929,47.3768270190911,0,train
60.085067801033475,65.00493157930423,25.259729429036497,1771.1804523258586,27.223337644384618,41.45056837020988,120.98049860120591,11.260277888430139,2.2215584736242104,108.72563747276574,0,train
43.666194356034886,42.624529662111854,29.662954159365448,1653.925626029188,67.19175773959604,15.998842618013406,74.23908030958786,10.958950648405507,0.4052440418366676,351.0461721282546,1,train
75.71000741138138,70.69497645258582,29.70385593994108,1856.3038165384692,80.6686740259265,47.90389892956946,166.528745201952,11.574732360626477,2.3594757975471254,543.6471237663443,0,train
49.13433606566149,41.834757003563155,28.235979698513706,1455.7192241103994,60.10940318333254,17.032837212847642,50.885298287266025,11.380473648736679,0.0,43.70557219201942,0,train
60.51488974301199,71.5629779083045,22.859424195170437,1849.4218063371513,74.07768874337633,64.9214693366452,127.65200429261792,11.680858636735753,0.0,47.051791470465666,0,train
72.45071229516849,73.89266321297463,31.99677718293001,1733.5083228499914,36.496434500512365,54.265324930488276,4.609622106130445,12.590320456226072,1.136506395035066,414.0773745591833,0,train
58.01405369644615,59.246428358262946,25.987998023461998,1441.9021622160847,34.745504428675716,53.681619934449174,166.28983237710952,11.561613109394077,0.5944369461437133,237.50000822335053,0,train
53.7727019516517,64.18532288655508,29.639200640406187,1337.1978600797934,55.42990621651296,86.2152208324103,92.64872882845751,11.954077617832523,2.608905356254632,78.70726060607684,0,train
66.01292307031886,50.060643615812296,24.878227038695087,1432.0547703450504,77.21317191677302,49.18704163685761,79.42866964419989,11.517167598238396,0.14815726842534138,11.05522363989297,0,train
64.46260941335073,64.90391060646245,25.384109455301278,1588.0673796499889,51.77315181922875,32.508083799830324,110.1164398211401,12.160392862966342,0.46241520355082466,100.28804020557985,0,train
48.93661252908332,52.132196005803394,29.591583030011563,1228.8894417809615,46.392166364751844,31.763805341322715,44.81650857348154,12.089347358405238,1.1536402801130272,22.847834095400028,0,train
66.0284446220904,82.9432547919092,27.109603771176424,1246.093003502738,50.3923331538798,51.57961988168962,98.12146775102593,11.6828570761553,2.002287936143504,76.52867110493617,0,train
75.67422317133335,55.38332647570499,31.640970709245288,2019.7544998455276,66.37555287509721,26.616622824594423,66.25329906047239,11.292366404037907,1.3316548051531982,21.81313642135448,0,train
46.31391831932018,69.23903410416395,26.598909670712686,1096.2060959259754,22.73651990814379,36.63758038995668,69.11791615331516,12.528684152689113,0.0,88.24583046410203,0,train
78.96920178674299,53.82184550816299,21.641883160309742,1610.2096520448533,33.61484280557005,53.36572715306088,57.16139530866036,11.983859694475266,2.206361771325451,151.73114506113387,0,train
72.82912348425347,56.53598204686983,32.97252531612486,1856.2158154694253,47.93490479701905,40.390458348740076,94.46673157213353,12.391436867474287,1.485217325085258,23.763143226281564,0,train
51.37963886718184,61.489984581438385,23.3982634590284,1192.7439527012384,62.70836060418453,34.25500923562016,77.44205707955007,12.639759334880079,1.4823074271307854,20.862757587292684,0,train
44.33495948064363,36.65056239714144,25.24430035162852,1622.9455970785539,30.871272463639826,46.23271489104322,52.38418096306015,11.929812470547331,2.11053531747394,13.855038611763797,0,train
66.37641164803253,37.821206313302376,32.503798953171554,1279.6225269605852,47.21107448638001,47.01591011225341,111.7012227176574,11.592312185841939,1.6116530616988416,98.55158139154206,0,train
87.84686115904486,44.975699851576266,32.71054976283938,1605.4344622624749,24.86986211441487,16.20203849944411,125.57497876809308,10.96745847687184,2.856702480242556,152.66866036488426,1,train
30.0,95.0,27.693779962231847,1522.630091670478,74.71564383644308,62.38388576906499,54.7692812503117,11.593492813869934,2.759514887486108,51.14201785450442,0,train
96.3858091352819,54.55742159340512,27.43250821913101,1304.999225752962,83.48984866695075,4.870253829910624,112.89879906105904,12.091250515299606,0.9233208725289865,191.9261976619523,0,train
68.05195453800835,59.2843296578703,23.001819071926988,1758.7180417148277,34.666868244333045,47.21809157062558,96.79079193555904,11.4382529833802,2.5533889830744267,23.58714281037408,0,train
35.18646628098661,77.15631064810394,29.251108710567465,1256.9242688956856,40.99621470297177,83.96551210487834,87.57356909627754,11.466882534050388,1.6943808889316871,15.793716599131583,0,train
67.95291853803685,51.34662195715277,30.235491513060772,638.3213360155052,14.618481902217638,41.37335277499622,89.66943601519768,11.919819959477584,1.3111144574245945,30.938436417915728,0,train
79.32713480751858,65.28083094771445,33.51107472317619,1878.5764502141974,33.363555835391104,59.43518381911278,37.243231401330256,11.582859094982688,1.5024275016907862,292.2238235371163,0,train
58.09041843560319,68.6560819077081,28.2616143920671,1200.4843682435126,50.00414129836394,5.55956248114407,157.9537032477949,12.343532897929459,2.700700612120584,17.866768528615342,0,train
55.07320302847418,84.98211666693865,27.844915395926378,1785.0922775920726,41.85927374146439,78.85401051786936,109.23552373905416,11.814708618799608,3.4532754760425446,115.43105249436947,0,train
72.37878757259759,67.60911046660947,21.61142315123947,1501.9266809432813,31.4097827961518,0.0,59.85877780245789,12.291285659404403,2.819925252635234,2.1376685292130952,0,train
77.86489434803029,50.439193090402235,27.70731364102394,1141.908950473056,63.67138646400955,12.378430173436996,121.41583461876188,12.648031530890698,1.7509281553469593,72.05551030906233,0,train
68.65530817237868,70.12229238249905,25.015230100767074,935.4452863507082,58.4194588877878,2.083936264480222,87.86593615939833,11.645105503883233,2.1918977358730363,201.4370826648837,0,train
55.99674684261808,56.287220466727426,26.96658919697186,1488.8889608854763,27.02411929682688,33.96256385323053,106.71482486238965,11.385778084367118,1.0334121090146848,304.1987299512342,0,train
61.87816624464087,66.44427328698879,26.942893022654822,937.4482591062766,84.77799327595159,54.87573664588912,170.9265672574018,12.293082900196392,2.508608373233442,109.64561131275943,0,train
60.34599865109816,73.34446193435156,23.47387647822666,1284.254004227274,37.65493626906154,49.218328682937994,50.88482098113427,11.938135526862581,3.127908993253569,140.02943266900158,0,train
64.68647609053778,53.482556588515266,27.682549217852017,959.0580971232165,89.9133497956793,37.613393822773176,155.04106992113026,11.553606242254059,0.692630217769036,205.881230204191,0,train
58.39933269954524,50.59549413318349,21.322350287051165,1536.9614420353457,39.91640337984657,27.089258902810705,111.57229612627862,12.332351372666555,0.8787562599056082,238.33748858765222,0,train
55.323203680923136,54.72729773938037,26.73251940865358,1341.2841967961115,68.52430804483186,34.13448575106466,134.63613775584298,12.452008777380657,3.053985771182876,6.9655176035248445,0,train
53.10690751606484,76.75943747382192,16.19618620422091,1912.3314279512451,79.74492310671855,83.68407994788896,202.64860122508315,11.694307376305686,2.2887280030098363,6.497325670727882,0,train
61.685456007001655,81.6017582317421,27.94289202210305,1526.8742043765747,67.74581674533485,33.52863999075421,33.16372805620347,12.181557813872262,0.8435841832561433,46.57042425851867,0,train
69.39608709948021,95.0,33.21007580068185,1601.5451530385074,24.796704696548396,23.55413615369657,48.072808957801385,12.074681741135594,2.990166238959289,190.77186192917898,0,train
87.16841067112274,69.49172799159427,23.391824743913087,1195.253454306481,21.122903677329163,38.67198367456137,1.6465148206423805,12.960183751072131,3.678674673372566,105.63609211055278,1,train
69.66875231815304,30.0,27.097662219535138,1784.2579386368575,79.06521326642068,18.842100563356603,-5.282347092016224,12.723652849695902,2.75656467491314,74.86760102428195,0,train
63.843474358788434,54.85968608879477,25.52100551975938,1382.4725552868535,43.60304953490312,46.5110565833389,34.14340400267075,11.428490343963135,1.515826048751263,23.668874899555973,0,train
73.92735538155371,81.1402116027837,27.648463771783653,1523.0555648876305,65.57873007024229,61.12894927960804,54.796585513199986,12.134647376290367,1.8927352341890582,9.373186109627053,0,train
66.4561632402206,61.073493558290885,24.641993702929682,1178.358296404318,56.5348952920464,70.93595336710348,9.101038730642259,12.534189666847007,0.9013795748221878,733.9000566875333,0,train
74.3850102164751,70.82508096064853,25.899470755767393,1621.1190271009827,46.19921929997011,56.978569385954884,148.92110560140176,11.440226935808415,2.2783486346446695,59.43621129648129,0,train
69.98471017969388,58.57056701419572,21.782408848099287,959.6826797541784,70.35322933687004,57.137693469755106,72.49423585317305,11.2504920197708,2.200459631413729,256.7671331856038,0,train
77.38124523482045,81.704668265306,31.951037745086566,1983.6661884766272,54.60141518382804,83.47128379633328,204.30235247685567,11.5717508812954,2.4947056537750325,162.80778205245576,0,train
66.04703127485028,58.88349856349931,25.960245582450156,1371.209332644822,63.32625001818424,38.45589500349678,103.97989311880183,10.962205995460733,1.931876574832047,5.114609090584548,1,train
56.009110318339665,52.03696840619519,22.560442959271487,1984.6748470644695,30.85698170209914,0.0,159.5274297171798,12.087768114789299,2.1761898225026926,44.09248197386067,0,train
42.27213406702172,72.60965323483086,24.32991416663541,1696.7702329589283,34.28027934730035,5.792124029179739,102.61292452487416,12.173780806901776,3.294985584816956,5.427235254511537,0,train
63.36859777314714,83.21257801995093,25.597901842070765,1738.0466161656639,19.55281627564218,12.442696254089416,10.305375106605482,11.996477507259723,2.276600765511181,51.67095542509633,0,train
49.90973927750447,53.31746217898842,25.3223720740506,1550.5964015900183,49.88807962341907,38.689888735563265,155.1938671658129,11.664942399772883,1.2374807608534018,193.90093682703647,0,train
34.411517333598496,88.21735604160885,29.078686062696484,1649.0097669709564,29.606713226157687,28.611511849403232,167.3112878101374,12.764015679693916,0.0,33.50179290243876,0,train
43.888043384351676,95.0,29.67159955619637,1240.1475455356497,32.74448471913759,19.06843922375749,179.5291036308925,11.768530243987371,0.4178232366538728,142.24113350374884,0,train
78.73103176553111,53.109586506896335,30.15141727015921,1552.9324665831675,39.83719604705378,7.018820135030815,97.17057555500521,11.652152561401468,2.8595848723435564,1.7057454652931803,0,train
77.32853756562835,30.0,22.531217084193436,1489.3075553107549,43.678542879459,12.20082435564591,190.90309612789122,12.143477927150855,2.113140457053023,127.07829011384241,0,train
39.44926340967268,63.65701070656798,27.454874758191256,1825.7358974818042,41.26471525523565,0.0,35.584619126823114,11.825280336391522,1.6594012930901385,52.847837698398656,0,train
56.56568706138541,71.33086838738635,25.989553917313238,1463.4757474850148,46.12347722454393,48.196988103983934,151.91894255096582,12.237715341263312,1.4208758903642535,291.35093309244206,0,train
71.07472566441433,38.900083547276665,17.220521768981865,1800.3138277701423,68.4330022384892,34.888219475346965,7.104927430085638,11.262933933978948,1.9424822469945369,0.7117079205984536,0,train
75.76313383693943,30.0,22.08461280715531,1468.2154937087594,46.512914841943285,63.88251395594382,95.1042376778548,12.38042332715574,1.4384422536693746,141.1858751217078,0,train
43.81544447997062,71.27080685057683,27.120829732009582,2056.2277699002566,25.21483210293055,18.71483914349216,127.58703999554602,10.891590580322967,1.9119087559709267,36.202501037717134,1,train
52.726689751497915,94.48347185428875,24.647506109704544,1432.5432054575765,59.155457323037716,38.77757041314736,22.551973747326244,11.977553484938731,3.220282896417717,54.12574871347138,0,train
66.1370683729059,44.93788849871898,23.93278564534896,1785.9409901739737,19.64252506638381,79.07221921270494,179.4919489090342,12.518043825523128,2.7547332980678094,97.5875818212531,0,train
52.41173715166042,52.6859066389126,24.872229645042772,1774.0753878699747,40.475582529106816,0.0,72.22266102565666,12.320271467537387,3.462195938717637,241.01271436331908,0,train
56.597284397045456,52.25932907673939,29.960211747682614,1481.8017558556137,30.03878745371174,100.0,53.103721173180055,11.199864447748144,0.6343825958098506,16.179170719559096,1,train
75.19396623402014,48.32542911896531,36.05261500795676,2051.455103038537,70.15027379673845,27.867354115803295,98.0490240311228,10.841928068515562,2.00855608082435,111.90795072251305,1,train
51.54118442771252,46.220220802737025,31.093809258486584,1569.9648393790505,48.56801496283866,16.88835029676114,22.713510665463346,11.735851476668511,0.8463077186601415,10.665648797073594,0,train
49.06544429410843,57.629881521315156,33.06855634529323,1306.9350503047615,63.457224719336395,44.93230664078016,13.439934827753731,11.882015006394514,3.0703651602299296,557.9220612486673,0,train
60.16907725691487,61.09976950782606,18.86196092431504,1627.0797196780384,80.98040302990375,63.53276451918708,48.94187712198499,12.185030557634478,2.3379575282321183,90.48929382595186,0,train
79.57356426431534,49.4981877759124,20.803951663304968,1571.7740592333448,49.13046100372275,38.39529557228756,120.91028779439861,11.194216320448586,2.9458696436841456,12.06389033008978,1,train
62.79413927746792,63.51322098804781,23.314570144409803,1608.4510575618306,61.50410032213132,32.504045093127985,32.89361257574424,11.801221117254139,1.354427927964605,26.616907706852942,0,train
66.66383884564799,32.92676849003222,27.18161834837016,1826.6245859112557,53.6769908950739,52.067197180230316,80.57396124084954,11.413060017795514,1.6817624722573798,15.243296918962812,0,train
63.31507925463755,58.6539645856916,22.097382750976386,1666.6813398010345,67.38312128778546,70.57707667738313,108.7643389466962,11.69588674627762,1.4199836673463153,28.63188675863776,0,train
74.9319601178157,39.96983461934848,24.23765081809728,1475.0683282113916,36.4487069532869,23.755869328793324,101.5015739582041,11.836651893406819,0.4881165804367864,85.75324885939447,0,train
55.200061511394324,48.66925601470016,21.15013384470679,1650.3282509819535,23.393727485220204,11.224647909512324,63.34219014450017,12.089238331942695,4.1962231421528,41.7897653461169,0,train
67.79681472154141,74.74036475918271,22.232058791460027,1179.6591235262422,30.921211612067104,48.55844586224053,37.25386659988538,11.920318883927047,1.652697711042157,131.9057106991787,0,train
47.46982943570702,70.88649935848038,24.711906014832074,1274.4626849714448,30.113012507829755,42.04988891033901,62.210424992081855,11.857922451035602,0.1099898288170571,5.829199921078438,0,train
63.265275764176394,67.94706266872925,30.39340416715648,1998.377764364361,39.51823204130815,34.57457373939074,70.67343652180323,12.439708520568702,0.38411321258952724,221.61678354565493,0,train
99.71987850010262,64.6170265333809,19.062007904852436,1653.9317394528248,42.83319695957556,88.85393584375716,47.49296301989272,12.497790757001015,0.0,33.6038026752755,0,train
65.1950283781686,43.34136231801257,16.535215929023074,1865.147556247649,17.846779457638824,48.74125118249234,26.66074046921615,12.036598495500847,1.9907114384321842,53.721713964212015,0,train
66.45493947489078,52.24067324849442,25.283249624485535,1460.6229098723086,58.79002461240453,33.02791514623109,109.80657295119536,11.800050468934431,1.9801263646316885,79.02036044492414,0,train
68.48380545741506,43.40211136887494,18.38455103296251,1394.0501121567936,54.61401811437367,65.76451464060143,81.2588971689097,11.58717315859893,1.2530767149298323,321.2538981685402,0,train
68.24687884372962,45.32440833577452,18.150985102104613,1395.2049611645407,65.81251198325538,82.12535696771273,-1.2903936555688489,11.585901863517382,3.355572935710348,222.9976974613263,0,train
48.83382833106041,65.21372558042506,24.264989991857558,1742.4173394843435,37.9915286852259,73.53689788827202,162.48094526483334,12.534885727491925,2.419705608357266,126.4294035716798,0,train
66.73511951439288,62.79913684734537,26.342961394316283,1313.745720524665,56.811784328009935,56.716370118947665,110.39012536766568,12.27415981377725,0.05043828224563285,121.20006785882092,0,train
80.80703078052355,38.873080554546604,27.71649014518194,1832.909952586867,24.134540842576726,65.59273865267454,163.94329066566968,11.58153964810186,1.0302562803653257,78.2941578174541,0,train
50.14195512303968,45.15592769612129,26.513177326195166,1365.8034313023745,26.383743693823103,75.08424925312977,4.532195624635364,11.582838477254208,1.1192459103972698,19.111656684213845,0,train
74.4251826389642,55.773230867092394,27.999643649981024,1505.6548868834543,66.98204221486287,30.837324490798704,141.7375663162441,12.240454046374447,1.5982049730583663,13.800146575840962,0,train
92.78417276763406,35.0771990659656,16.657079630612053,969.4681903311445,30.52907600591063,16.84047175046154,67.08757938330758,12.928851171768866,0.5837729442073545,257.3493904753673,1,train
100.0,43.11766429052435,27.47840943986302,1476.6488408961593,29.956250884370547,39.83696711926355,39.52615322905974,12.197909890547962,0.46953859025662315,428.14067424620237,0,train
60.874224542725344,61.92156622366184,30.983157433228257,1678.0670166842585,71.45956095532023,0.0,95.43002212454428,11.801402341927005,2.323185482458206,5.755109694799061,0,train
43.46206773230841,51.56299836158598,28.045690604535885,2008.515312129226,40.255428717728954,21.33554133649403,56.35194547731498,11.751214580807396,1.4762686972285781,174.6030222148782,0,train
68.41189901906193,54.96322951064808,23.51218248320004,1507.2658370018273,53.29521682473033,85.23265874332776,142.3385387608247,11.751533987441011,2.6188862980231535,92.71101002803287,0,train
60.36181436223178,53.51162718270569,30.86364509629682,1259.0463147958965,67.48778361425455,40.084387664929025,110.21945158014884,12.06153910082809,2.448635764514527,48.26162668403627,0,train
68.21140616195306,43.78405008600154,21.99316178024393,1761.3891892371732,90.48619246573705,39.01731780930922,214.08259182694212,12.609097355877129,3.2840957939481172,126.83309540791225,0,train
56.834259132122256,48.55111265186225,33.637715850503554,1388.337967178684,0.0,63.045037549431306,6.51291501522897,11.709108983303974,1.3213569387058968,158.75706349446997,0,train
69.71370998892911,45.33667132802174,22.58057082972839,1689.2435053664333,9.92275271186493,0.0,-41.607779905528446,12.212196968930506,2.696167997159289,35.89444743378659,0,train
46.28325227052726,49.45235362311169,17.9314275154751,1247.0260214051425,73.8501502495595,60.5086003153114,197.06087182318745,12.008806625966828,2.4935602043342917,147.76907647600527,0,train
63.91984817629499,30.0,18.526592621395473,1520.0972151674616,1.22365683447142,15.104615130244273,187.74665358236206,12.114537344102851,2.189328307292374,207.73928389576506,0,train
72.72571529459071,30.0,17.986973641001534,1460.209876085228,43.73883938953691,31.214644107156687,145.01992941975317,12.212033430759226,1.1431481348722006,59.21698082161454,0,train
81.79362367151865,71.40621984216446,22.812708498382946,1622.1156861373606,63.858372460632225,44.99526084296784,169.31746986314215,11.475172250545029,3.053891552295883,18.731042811116804,0,train
59.118377703017636,75.56309916386849,28.663200386077897,791.1202693374485,70.78223574840537,61.21077205513211,56.805851970511696,12.6296166198934,3.234751914044795,336.5308210030412,0,train
80.4869789082672,75.80462694911759,26.87028284923786,950.810130943063,49.75822104307891,36.229057210832615,152.90591625435752,11.775887691849926,0.9083748278408974,17.395626287471565,0,train
89.48616955897452,59.47517264254557,24.4438696932565,2151.282815249344,14.428248319869667,39.159685882407175,56.083846141013055,11.512316986360876,2.290897057590006,66.14106824130387,0,train
43.62877720679815,68.5589800288974,35.71135179305932,1212.168228982956,23.82359201761776,32.161757845690055,157.69503671278736,12.814583182450473,2.7835896647986065,54.98151727917913,1,train
75.2939028556177,39.77721866841431,28.168884404660492,1721.6431442662508,64.88383942999873,13.527310323584988,168.52680719983567,11.180985471281991,1.9944397063519295,11.595237416773536,1,train
64.10711965907299,61.83014721968042,25.380026957062057,1722.6382473215676,58.08589509923395,19.892106008500193,102.3001373626637,11.9944539980257,1.7132057642617307,166.5665426785749,0,train
50.52614809129843,51.61617229092617,35.28103564970161,740.9137431761011,61.441148834282885,37.09427392195104,112.62844229983118,12.480152398140735,2.350370216386338,162.0871513383434,0,train
61.487945645762295,52.69311924352956,26.967426927108747,1364.0315852018175,54.265874147458774,19.36473675052612,33.225921545005434,11.31376722605795,2.5925672738473304,29.07838704087679,0,train
64.47932345442135,61.64092191907339,37.01707792619138,1589.625872509706,45.428001693199626,21.645655030537608,90.28654340107403,11.507098095666088,1.7573012521747182,7.2644561929960245,0,train
54.20233687407937,48.046571167942844,29.41829968743336,1640.632276822507,72.42061334648943,50.82399563401741,-2.4970639288738994,12.156566070006578,1.5848997110366305,478.24257519575656,0,train
49.80753319498364,67.5137578143657,21.74290998192776,1954.0349229726394,44.70970317378779,42.14732515733326,24.03269622615788,11.602221466029558,1.5191662104880206,112.95459704403558,0,train
54.50411738011122,62.94781754552205,23.954883713569874,1656.3367285138015,59.64497905361314,26.77555729839962,107.83468641232623,12.024654165760111,2.84310533232324,16.81654704781473,0,train
60.670120416197925,67.07123334579606,26.959020027012734,1424.9860456203141,52.86776934684502,34.236884370493726,-6.436704720740607,12.2956746208792,1.6759318247910298,67.92101743118283,0,train
87.84544784612038,68.44453855035856,21.76531611147213,1498.9876627767144,43.84076940721919,24.69408163730624,194.38438286700952,12.025598950940543,2.4726303458434056,43.780475595945624,0,train
57.71954678256345,54.54581681679216,20.823264733701215,1712.835545141712,91.99443578333032,25.19110110869866,63.234826965902386,11.909275465376242,2.3244586043525173,417.18238227828516,0,train
74.34274898521248,60.69654822234223,21.216024557152696,1634.3150777430833,76.80922103580696,58.764479188044135,-26.61230426098426,11.83898592275397,2.846882103884914,236.35212702069532,0,train
57.81238643232065,64.34662285344619,28.858493553241722,1493.589811695469,67.01795924335944,14.652601192686557,115.87266306250876,12.116393371470082,2.7499002394237104,57.583546482513206,0,train
36.21843177051438,69.81548484531086,24.046587996183266,1412.4566193253368,39.11771995771615,56.288049783487644,41.91080780438181,12.017013705536115,3.146030144142065,99.33974908264565,0,train
69.86249528732664,61.23425983913136,21.952438989203586,1436.6609283516916,38.833964921079385,49.84493245540629,156.09289281152354,11.801160153192699,2.1544936655952514,14.21059421907458,0,train
80.87636730274382,83.4828604385151,23.89373188207114,1830.2878904995714,72.48706719741006,79.45295143905462,122.2099163645336,11.410315439183691,2.1024846421582075,71.2791014052415,0,train
60.62459375310085,46.43525062343387,19.886037174007974,1164.1147700132967,40.16727628735905,11.727789116852108,101.72205058529207,11.474345044180328,2.802128458618119,10.27085220912049,0,train
44.29847812677663,70.6253467094903,33.03672788009996,1640.30795152963,66.52094342883012,34.261283615991324,36.1847791730832,11.333611301260175,1.7274552786381907,10.795518950794378,0,train
30.471182528966224,49.78422513787679,21.95108547840309,617.8834096007159,97.27744989238721,38.284148847863285,95.95607510672693,11.448865129772072,3.2838168598535615,15.336259623197112,0,train
47.73509633866546,35.58686343175256,25.190017390841,2065.3758917803825,86.01022363021707,50.50236226129603,109.52119449625289,11.90103113550766,1.2188436218688858,13.963044916895553,0,train
76.51152093729362,47.04013845480276,28.175859008409848,1786.5915625711532,33.658227378636184,71.11698951841967,22.634800553081718,11.969498014072308,1.3701154476361896,30.881795635781096,0,train
72.56069773276766,81.65646906109889,38.008415570901974,1303.870098405354,35.68480021778497,78.0251556789845,71.9696181576345,12.285253604177258,2.296576938530305,77.70012201607432,0,train
68.86325586084146,33.319196266435824,21.881155196520975,1596.9237819348086,43.42763048502031,62.4266549221783,122.53017064312695,11.325211894224234,1.799647422205836,41.889314923164925,0,train
35.60494814180336,54.23166683655262,17.6781255989509,1340.1897481014266,39.82072748585003,62.961361098560346,108.52318854982855,11.59379882553129,1.778486737047876,114.78166688708511,0,train
72.10749381367681,59.638123693349954,36.26217902672154,1895.279260682388,43.64569806487532,62.25618752091272,105.4704235916485,10.956761170814458,1.5225892938071994,143.70034628429897,1,train
78.22459635424175,60.40328758491796,31.31292051713591,1629.5767634021822,11.606536876046874,100.0,20.120041520228398,11.612692514990709,2.0013256887344073,35.2703005177472,0,train
82.14234221772531,67.2151384760507,26.005495233574837,1372.092721138337,0.0,51.432010115381026,152.4353563208282,12.59738143093847,1.545205282622307,12.826317921118049,0,train
62.114585528283165,95.0,25.752094525717883,1445.8560259228123,64.81648690840251,54.969859739047756,119.44893646760919,12.346427877908905,3.6296421311127984,171.95263050378625,0,train
77.40774873554035,48.33274968613687,23.59662461566613,1403.303859236598,91.79077443389546,0.0,62.37823813234825,12.036437049007757,2.491505647246784,177.16015710036152,0,train
79.3890623912781,49.036049400871214,16.932193010616295,1733.8981596808019,60.0356547233509,25.384556733570008,190.35983218189426,11.26153753623405,2.135338347892291,36.39868779777241,0,train
52.14263665375576,43.06422343174156,31.960011431722997,1492.7413180827252,42.851091543791455,32.448862512753394,126.10712729669679,11.803235072015136,1.4907866374008654,66.9235741844113,0,train
68.89824191372635,56.313854038710836,24.13464087858065,1181.281941555936,45.535954907303896,12.759174066440291,121.61314753170777,11.594499568185578,0.4810891749099322,9.822978531124464,0,train
53.404853242168,90.15306808149525,20.575986429865495,1376.7557136136245,74.71623240013878,70.72451256222655,106.55325931079244,12.498059107455564,2.223270835920261,40.653400180148076,0,train
51.52377992977463,72.30723271796046,27.299860714695583,1663.8852744011099,13.076242755238127,43.53142850218658,21.150175890450143,12.346428792118719,2.5148835960763725,123.54501489768732,0,train
70.77976069593255,55.35680341029015,27.202373689801995,2081.6786997174854,36.76035644406782,75.78416954577959,5.999498304611819,11.842456634402946,1.5041218279898507,21.358410474777546,0,train
58.249017927811344,62.86648602029855,29.980238429029082,1467.8093567987314,83.46904180597073,2.0706575832080247,121.7987694750023,12.807389395354926,1.8748255716168358,38.45238613237647,1,train
71.93155211394907,36.446629201643155,25.708584568199523,1103.9932466337882,28.283497422296293,32.87811266575823,167.7721400552748,12.235771190209103,1.898719281298467,189.80052745393985,0,train
57.04613572441339,58.76773232411147,27.82754822815772,1321.3016117869524,63.6410413142524,16.277086979379067,-46.472434500113394,11.709675848723025,3.2676515111879736,5.163328158155663,0,train
84.60714131423643,85.0353228793409,31.878534066558096,1923.6661666246287,51.01775403712036,34.548852615190654,-6.361371017574768,11.908715512810229,3.638359732270941,99.43027627774298,1,train
58.98169292171246,54.18447660096024,24.20735213486515,1001.2524035892977,80.67455419832999,32.3047882215279,197.6629568763284,11.635769189159829,4.097939339132431,85.04386435401979,0,train
80.05299346838036,44.87870533623894,30.804133936892597,1654.7817653112297,47.314416756273914,56.278406045591424,100.9200815391719,12.537159006357781,2.297244273380124,133.72430555351212,0,train
73.5633576603975,63.16526200803928,18.780683823043574,1832.124200786092,24.99184532060565,19.539283351449967,159.1746833444964,11.282045238065736,1.7436593216275078,24.906472205362647,0,train
61.31917825995694,30.0,27.97377170832643,1752.1860079513658,45.31960281786037,53.80749844198808,95.16881649925551,11.928926731529726,2.986376505905937,131.758656716264,0,train
52.08073698007605,49.77023628003302,25.922756515985185,1712.4911541603192,78.87264006937627,34.69477575247121,73.23416437161706,12.375549727253656,1.5413613638989154,102.9477882238987,0,train
53.489786556679256,86.91836795276681,23.95338161424067,1918.7051432369867,78.96998459785853,17.25791457545416,48.79857045568102,12.595949667206787,2.6460061871145513,61.743282668775464,0,train
41.08358511808449,65.53009963309351,19.7654450865903,1709.0863213532207,35.565248933254935,38.862193867468946,124.57147263600999,11.72194062661961,2.487305237044995,22.08915719513446,0,train
82.4474562823244,69.48611608583282,19.538436176637106,1313.2051914796643,36.48583841676776,35.58064592210545,144.07037644617856,11.608998253744481,0.6414259847425257,156.6908804562153,0,train
63.883311263507494,82.44066467233775,34.570156769333934,1424.2939493621138,62.063748621646866,71.87187603196806,6.509183023391799,11.792393116047364,2.231842092134848,398.3698090905679,0,train
91.48181360421646,50.82723295512078,26.16892955895374,1556.874484979623,46.21759218445933,49.658082945288996,111.44981962296701,12.714428853906783,2.4929864585144594,41.32556952173689,0,train
76.72734307665965,55.90914645378494,25.077895237907338,1628.4921291622945,79.79726877204165,20.380952296807415,123.5022093684101,11.442976774919003,0.0,1.6812085040206677,0,train
54.469203591839715,67.18469738619588,28.6381477181849,1630.9679412473004,62.44414288086804,38.92941546721063,95.27706427789987,13.151819376052394,1.8865193541178589,30.811710768507623,1,train
54.79962917632264,55.96666964167754,21.805191261552487,1558.3152904732008,50.41772976591923,52.76980221318987,-45.349410966082075,12.222386903915798,2.0861108682589777,17.73472276656689,0,train
65.18888601172692,65.01685184980538,20.333660204634022,1838.011541048275,15.852840848141064,17.832976942913568,108.88750531340156,12.826808634246142,2.032407013340136,157.96610985976002,1,train
76.36261565070957,87.01410649366224,26.973357649114906,1454.6180149039465,50.75875670895204,25.741215839657986,106.59639833859785,11.055175353951924,2.417680752239401,67.12896590224157,1,train
57.22594672589529,94.06039286706593,35.383739917804206,1518.5039549543915,4.076380937255237,70.58922206046569,44.14067691464988,11.388552490222217,0.08835944934824291,51.95252603984793,0,train
59.98248146238578,49.11384280269802,18.880298666188718,1571.5106948204354,52.087118750464256,32.58481352325504,138.59600774183374,11.909248418932167,0.45688177205712965,211.5218424266621,0,train
71.19171390404748,61.596453415378456,37.19876203169636,1493.1395813103354,29.698116163442627,5.821554838493853,12.40855966241405,11.371065922045556,2.7938184671438155,54.93700397326482,0,train
52.68976522472434,51.84862843299352,16.773006265215542,1317.6534038716702,72.80298077042534,16.29129989439498,65.26998154184277,12.156189105233286,0.16364021622960268,72.98430096471216,0,train
47.85544553254066,57.22646795335516,31.82070214986922,1553.8745345818793,59.75744569742148,73.22333298838524,121.86565935194804,11.888639649611697,2.571179406219209,40.85801751399959,0,train
54.27044436110047,51.90360479535958,29.819395583974547,1610.1861940204021,12.669200972787678,21.4378941865404,138.96745019526662,11.400151235817345,2.2765815055910488,149.9782784420787,0,train
30.0,72.44108371775233,29.9813340972357,1639.9289947300579,37.646962091313,100.0,63.34835022380053,11.364969455643983,1.5540562861388398,29.726430388876835,0,train
100.0,36.24145764771415,20.562539110989498,1268.1366996529173,23.227884005535024,53.58698446675233,157.67951716584628,12.284051602564324,0.6055049311407383,82.46110153980523,0,train
69.84077840507135,51.716654335785435,17.605442156129357,1586.608088783957,14.475295342033604,69.49313020901775,122.90840573943493,11.638004834128695,2.591442151751855,63.847437323723035,0,train
46.08674068497432,46.151501308336435,26.654401161072286,689.0303121002288,47.449017592449316,83.88689245788726,130.1623750285697,11.707036163341122,3.0753434019568977,114.0217991239729,0,train
76.27899549030161,63.35826036418697,30.25327198003806,1844.5337127590265,46.17944474799662,76.39555805366916,182.77035565441474,12.447323593786937,0.9601934689731157,86.93322051155536,0,train
61.73478195159169,57.196925337579614,24.87486520627428,1355.0816844949682,43.586647488856165,37.08085210511884,40.906293728959945,11.503068662582573,2.0443587975156072,98.57289822107595,0,train
74.44443262885419,60.446342092436176,26.608489030980067,1506.3934946015827,19.93839396480364,47.52768347979355,156.86572711823646,11.49206058650501,1.2074765528847875,144.880336918778,0,train
57.73648890700623,95.0,18.951794906543974,1912.0975635488874,57.272637652499355,28.708513096009433,107.4044709899138,11.015538428791958,3.035443416416945,95.78701703549252,1,train
64.71475688145966,81.30756371984782,22.1174479963664,1800.1746954128935,74.23887970772802,70.44897880763895,70.30942959656474,11.817247031507367,2.4042128652773322,76.72006290284821,0,train
83.56724467960193,47.74596493519146,21.71552860514302,1411.3559045912518,51.38688674072501,47.183222610075234,79.78012884080194,12.189819824192982,2.9427885141400756,191.42162628048735,0,train
81.33425895451049,57.24024995470981,24.35089650133287,1825.7946348525097,76.42608064546025,40.09239179619618,50.60633295496254,12.291368791586931,2.5199021395287526,104.42102379321902,0,train
62.60092205054859,77.83524796661328,28.795775801513233,1775.7462520830004,22.680885775989314,45.513535675346674,103.85782481088583,11.446421591598774,0.3271060986884258,300.1332397244468,0,train
97.15916133987989,75.43733455988465,20.981627160151348,1739.982570582615,25.776561414384375,89.67652779248603,35.977221449876666,12.39658784410934,0.43696569342874647,28.540131486564867,0,train
33.141564135352894,52.658408362226666,35.786541066327516,1129.6953384360233,56.87575763099771,24.828370553570615,110.62870153161074,11.078103208259627,1.3331512830484362,59.294490704263616,1,train
50.27737023428074,69.32714943325794,31.065488499895917,1277.2588242905856,28.255081222743947,27.72115632144738,54.18629497181375,11.114465723455954,0.0,163.5367234301898,1,train
68.13295392507133,47.09379952074072,18.871171684988294,1654.080031970915,57.84831934357534,64.39541798361773,82.87253995711175,12.339473493881117,2.516946515748371,113.04877464462069,0,train
51.74213845698301,64.89199533363177,24.901811005366593,1199.9006026183276,58.517744123860716,67.04416819182072,135.63560144306658,11.71412697902197,3.0973001875437087,62.35022135159871,0,train
46.53703525349067,40.57381841904576,28.50586371155449,1179.7401257237182,20.6494946849512,49.94817624867022,86.61794545506032,12.228902804962893,2.0042298589941514,52.92315658763624,0,train
75.35215987566669,50.80816964273421,30.982857508322457,1891.3020728634458,37.41473212614423,50.21518269254419,64.54895211847548,11.814071058860668,1.4033709413882698,67.71321564776775,0,train
46.99555389416336,67.76488530703685,21.753612274669965,1221.7940597428278,82.34425149937248,0.0,91.35991313017678,11.50242575907331,2.025210867540082,1.9847140688670828,0,train
64.16678451655072,51.538820538949075,28.674388930249087,1529.3949460412687,17.868457985226414,30.188222348478178,114.63577410709267,11.613715625621879,2.5001430331138836,270.59461718602284,0,train
62.72322357446625,72.50883231823356,15.818973134483517,1407.237276885041,65.66781018565192,20.750098345063567,83.49399530167749,12.158179160768073,1.5423667506623848,15.438965322309528,0,train
79.63317690683539,53.68523278769605,23.14692833956947,1418.6629196872293,53.87179822735089,63.10675348844575,80.2159644121868,11.350391818277087,1.7629880299873724,56.23693566980703,0,train
64.60229186826174,59.16622993634317,26.087164365898616,1031.0427573910029,46.74414187855412,11.557858239379584,85.84305516281164,12.055686300920026,1.2226285151540934,53.8129927297913,0,train
72.69901149670034,47.15874261136699,24.01825075457511,1525.8431649139125,79.04935068941491,38.41188563461612,107.17939682525801,11.80188516094912,1.6126380354471888,171.3005607158773,0,train
89.42923318356938,44.681507743039305,23.756544369082263,1576.1218984483721,47.37054808656664,24.90048435076926,128.68722105022067,12.62475245035308,3.1734422766324446,1.819351175536264,1,train
88.68819223261087,51.11409113641696,29.475966100138663,1708.9162342370146,50.02410950724448,100.0,124.30181447088185,12.161487251808834,0.0,246.85209167173446,0,train
72.79019771361759,63.0438453127695,24.923450754135022,1459.7073775588356,29.412569836358568,26.719642634810036,42.33337983971275,11.774025314044062,2.307403569719688,187.59131274448927,0,train
43.27873487754014,64.33752965861727,12.230394325490225,1879.7123522594102,40.42325087983192,25.278329331532596,85.78076751967453,12.545430835301849,1.9526292974555641,120.51331067717732,0,train
71.19397181413436,74.76483597714875,23.059115907293858,1490.0310028066617,50.14126317256353,95.46950583620335,125.1392213447597,11.515977120744877,0.0,125.057635177767,0,train
47.13044754196027,62.971271411517826,29.90882743495797,1198.0372304161076,75.63287590007538,44.29598349483828,166.43204141241156,12.08024481198674,1.3501731145025637,15.534023502232127,0,train
68.75739275518815,87.73434142418017,20.043038252718464,1673.8899519640727,46.48291191135858,17.30609549632699,142.09918477260635,12.204026423418378,1.9395962708030916,38.56861768094852,0,train
86.80301115735975,86.28405665135435,24.50830186602625,1956.3948155767355,53.69481157791449,0.8799307159486247,74.92989265571816,11.92487850560087,2.306981072686238,29.88110088127895,0,train
92.47188148781531,77.5394338566851,25.682676655413687,1467.1170588222508,36.99952131186204,45.3849126364072,96.21671978370848,11.045998931438346,1.4672745017830966,149.55070210020511,1,train
61.64805822011223,41.66808286662082,20.051859317148313,1146.2880626520591,5.7627617734098635,48.376450727102934,60.99004354412686,12.301547342474416,1.5212414284783113,44.43242031000813,0,train
49.11179717166573,63.65009173984038,25.106357883680307,1484.581882923454,36.18917895367481,0.0,79.31921671851786,11.360484631890106,3.496710407445981,66.82103205735585,0,train
58.04873460781307,64.05685238669759,31.586970328171628,1157.4932657599484,17.848802712620518,52.04665154296229,95.31819056304145,12.610410649406523,2.022630852676869,106.87507237191176,0,train
52.40417236728836,95.0,28.389629356696346,1789.4554899292373,30.72482147578778,0.0,208.25280339033012,12.150850004450868,2.1571279189909407,80.23202258370031,0,train
52.96584096167572,80.33456788207427,24.302051859224132,1260.2423980049239,72.50869568829539,10.258333522740969,153.53052799895931,12.000341409478741,2.8861911885847955,10.553274994126225,0,train
70.35668857267619,53.77068129148798,23.253711478407855,1844.5912048286145,62.024134978582296,49.728979891698216,107.01799349240235,12.665669530994201,1.3018003253889503,26.792035947221265,0,train
45.07720926652354,75.0943921382166,26.12225909279986,1149.0249492869136,49.48851375616011,8.857065588840388,51.863371735769384,11.975485329580982,1.977699716281947,99.0836532714697,0,train
84.58218210731494,75.47766809202952,25.051763099216902,1419.4408056282502,63.318485041089225,85.81392608698005,81.92686166530072,11.367750796522516,1.5906915259042789,386.0729114137212,0,train
93.4518947398092,82.55989482874033,27.819545600261797,1348.5675236315349,24.848442821707675,9.186917130787272,107.9026744960066,12.295211030625731,1.753616597485452,58.46402834969434,0,train
56.3627263903298,38.53837346822928,27.223013341100703,1840.1310290601193,45.81372360841277,46.75143395978555,89.0673361282482,12.645322230461273,2.3873714806329898,431.02263525110465,0,train
78.49399813149876,59.406672692150174,29.595382414938843,1404.2838193000146,58.36796441777368,54.32819533103,183.81965136041015,11.917832397057305,0.9449106318233049,7.49532981636098,0,train
89.67451570251926,53.307248501778304,21.075508434588798,1494.3873730662308,56.076371912097514,62.78406805436804,64.14919254360319,12.177834474281614,2.845802872562928,5.6051203109151775,0,train
65.87313077669,73.86040528810352,26.119570670323306,1654.1723548976745,37.170261819113804,55.551749757651216,81.38404735310385,12.466564036170535,0.0,246.32486841282005,0,train
69.60949281314915,70.22251046058936,23.548627279056742,1261.1922429589533,78.03197185892859,0.0,52.72465600286344,12.106046676537087,2.1262677362340683,115.33917402336509,0,train
88.26727963283784,69.11844764574809,25.285065624485423,1263.6648744275283,61.02952550479046,35.61090136251961,142.03672410647746,11.956282335611409,2.2620668090867255,31.43580205799249,0,train
46.44573933682877,30.0,19.518624565523993,1443.8567204986355,17.981920430469685,30.737297535249276,64.6187052588987,12.129330573927694,2.388375729230168,206.7783871103267,0,train
45.19650189469037,76.00012034383731,35.066936237633115,1369.0842328420295,20.069414898198417,59.205180415793436,96.3013568202811,11.600029746649033,2.324340210014868,54.288917247334965,0,train
45.193150803735854,59.18557700223282,17.79974558702853,1795.718998703959,33.430059504395075,4.860824520533953,64.39130679119782,12.10636988792883,1.9051757687191277,26.980929597487556,0,train
50.90180320508967,49.62137895178133,27.931820093775467,1491.2211558945064,45.31184399367356,0.0,59.75167595737196,12.214093123905288,2.099886954409213,18.40647924639988,0,train
73.82475809726864,66.88770118842655,27.539956634562717,1274.353078322825,44.969222279110085,7.597083393752641,89.41665090344115,11.55737565693789,2.1856885804187387,1.411364814515434,0,train
43.97223405811579,80.18130069232467,19.284975436347583,1299.5567743383017,44.742183415834646,75.2614786300876,82.09853101265068,12.023467451030184,2.2076033514006257,59.03859558815344,0,train
66.46514147823248,69.87816409009245,22.783588744042447,1172.7100709354404,27.66951120102682,53.370433408647756,120.02406932531643,12.069943616419563,1.3275144039936637,66.64716878250678,0,train
69.44180415596864,55.95187597059943,25.393175951580453,1685.7462783015594,63.409612344824254,24.83249263086758,152.08623320294257,11.513310580986483,2.5954908976392574,69.89148216013417,0,train
67.76950787798457,37.45285570322841,25.627882267357712,1635.7115388749203,54.87906395817001,23.697777785173482,69.85896721080192,11.982496194996882,2.311652856004778,15.584950631825148,0,train
77.78650002194335,75.21555097527195,33.14198311564269,2013.1840117745776,63.726369139134015,61.34939941380559,146.89577687553276,11.325976444029916,1.9217693409414822,23.836028768413502,0,train
33.98836849940185,69.75301766937991,25.905107793518535,1580.7380823735323,24.154746097887628,56.011994880020595,107.049134980603,11.701512856639463,2.551885971822154,62.80611740158921,0,train
68.91582908269834,45.31854426326539,15.008996577339461,2117.2486409135095,28.56285533919689,45.28209230698682,129.17721515059438,12.50356666823658,1.410105243537109,158.52834081430325,0,train
62.8643077246806,71.19380349040831,32.506668259777435,1161.9697593270585,66.5946483575835,11.748266523991056,106.30889518309836,11.29659249525123,1.6150571115899188,19.66474309886321,0,train
86.04191466404149,88.2303674471255,28.19365111014592,1775.768680372561,49.61479240531211,42.09566569823402,124.56038327059981,11.010887375312596,2.9577916144729057,185.1162288407666,1,train
72.23708622864778,67.34061841841877,17.147496981884114,1597.307784516481,77.45696949353061,58.296767607207386,83.46053878362213,12.614607392148525,1.41509234658223,98.5647857367232,0,train
81.24576864762915,49.43484464185861,25.611487515161418,1690.416440568531,64.39515884296364,90.30676114251912,111.1144927900427,11.54183954046329,1.01446039927907,99.84350052052564,0,train
57.87582033258566,62.80150146715617,25.17041734129613,1792.559288934729,32.02431903353744,46.033048372919524,122.0653575849623,10.911467476778572,2.164294765370569,336.9984551406164,1,train
66.75991074963173,55.36241814797041,20.507660091044812,1024.759217098353,100.0,0.0,153.06854824365666,12.256807232115548,0.40212786550516233,94.96309904213051,0,train
77.1929317825844,60.42477564195692,26.336961570359513,1822.8021415795795,63.00900185072278,31.00925818868844,42.33247447020203,11.503320650209025,1.0153452151527376,69.96088419178135,0,train
87.13034325424329,51.66784321259618,15.9900978120999,2032.5932677828537,62.34011899153395,60.833347794507674,82.95460613269601,12.246827423821575,2.047493468251643,275.14229703182406,0,train
70.12633963665739,68.75892277988946,31.50870644699399,1257.1189440235062,45.39198571588465,26.84380358706447,59.18913777290176,10.901936089450027,1.3137208642449156,27.900918301027676,1,train
57.962365218429426,69.73064831384464,25.923401529324543,1388.9966910353617,21.0070956060294,100.0,30.7006028800501,12.50081591260428,0.642482460158065,82.95102390152555,0,train
96.995500619844,68.3968567189656,21.070052697460252,1524.731925880351,40.711914753812245,27.819926970126822,21.925338877907024,12.232184931773286,1.2209072606232994,322.80874878124837,0,train
97.85683438714968,52.33176485353222,19.26827303490656,1824.0144197143945,60.9423823035042,18.472802245660738,136.9826575862336,11.526053641365507,0.9044806111544377,131.62935503107585,0,train
76.20940407684893,61.44181165411475,24.125201216522957,1287.477969926861,42.32057456095297,48.74500061419769,110.83124877023096,11.39135865388976,1.0258781537836317,104.48543531271235,0,train
40.80926193215522,71.14896141034072,27.068995487257492,1684.610245203916,46.37551653563794,77.04158506156497,134.76014500419996,11.106812267322656,3.178512689798423,337.6602397473873,1,train
82.6894577609574,53.30349578174208,32.64234213206266,1449.5568544245632,57.813918418562885,42.451688488473614,35.368732642386874,12.474797285682245,1.6491505699235254,107.5584885891871,0,train
66.22811209079484,59.14581564418399,35.72574563886694,1369.354088829047,45.059485985080066,43.088692398889556,136.07396618786717,11.946831498734342,0.19613720743763507,109.78345053047815,0,train
57.44786518825701,76.41287277706422,26.6438120515174,1755.8321025366658,64.36371451415869,28.012675815018916,79.425342771891,11.68362248505748,3.6562082520572954,7.332001456471235,0,train
95.91121887322981,76.10447624789659,27.691480395248163,906.2100568872637,70.94635413242897,22.02919030978174,69.63227833938943,12.927751657397131,3.3697011076541847,30.79491184502587,1,train
55.659507202691096,35.085585997260125,14.235547035237586,1902.1351338069435,78.44739723397015,44.535665502849284,85.59805630389619,12.651639018658031,2.605606232631313,269.2180059445733,0,train
45.43295749242721,87.69955494071499,26.998439758763208,1686.4715669568152,39.94050458897314,48.101425705539015,134.77012372751494,11.793889627487765,0.0632472974975351,11.473809550171604,0,train
78.08480955081018,52.235830514457426,21.654636306700418,1331.3495920265093,42.80462708421828,16.5873406302601,86.0094828811497,12.475007914334823,0.0,36.68519016038897,0,train
57.604985980117505,63.115315307446664,37.46499758716395,1534.507823744225,69.57716101563591,26.064423672291973,-24.390432826753965,11.793793090891759,1.5696906800453576,172.96722101825023,0,train
49.96205953043287,51.438805593757856,12.044788539275451,1298.8139372770065,55.22501062467712,27.170090887165102,91.71842948411839,11.924350389883738,2.7158727446909596,50.11896898549628,0,train
70.35523228947571,43.784151893876064,25.409146792737825,1563.9589884713068,33.39111186886869,39.21402074063059,39.648917607139225,12.003940092347364,3.206608154863915,61.537716581552125,0,train
39.30298206363683,57.493228795247184,18.264368552351517,1422.3611811998694,31.562803737493738,0.0,125.27946209179373,12.696727263762217,1.0993286174875199,22.938704243742595,0,train
52.666694066503524,59.25804435521351,25.802869905249324,1461.4387465683208,63.976568404050695,47.390612218677376,135.30394569075656,11.692838427951854,2.94118186641997,13.559271469184237,0,train
65.90345314911539,64.19952939479731,29.35033865344377,1764.9329331441477,50.818383507914426,34.96271165131205,84.95701264295869,11.910453357491923,3.558789184496894,18.216778481419553,0,train
100.0,79.07332642491238,19.482053413921143,1370.5139061845855,50.13599689119996,33.41379459794377,125.78140442219782,11.958141020075393,1.6571211384424358,110.64477813737864,0,train
56.12642916746255,52.818770675047844,24.95440501677898,1652.6175069689803,46.33606762559224,19.173598574981032,118.08305306235083,11.015747893280974,2.731955502509846,327.9105176658682,1,train
60.95889748333163,38.279791493756335,29.302367441798726,1360.406862965984,49.52895698251524,17.768979294291892,126.11253180088893,12.44375198370703,2.226684248494597,47.155879297284145,0,train
48.77677994578407,73.16043435863507,16.19595594009612,1654.8534861344874,49.091775641355234,42.33430935691628,133.24635811508705,11.725899850916614,1.4220792231672894,162.30167151835852,0,train
50.666893390993614,66.38186342677447,23.135834239541165,1086.1145505633208,84.38755812414593,71.80883750266919,-30.15685439136493,12.820307281744144,2.285803286794733,38.39247604538331,1,train
61.2655377728139,61.99454511220314,23.175236352285573,1178.1770922780581,45.41218511863944,35.13256759708296,121.29218293149145,11.82678674699655,3.255403609459896,5.342583508901313,0,train
55.22599478591275,34.46124593643239,37.898546688271594,1409.0460651497174,67.85194676598618,18.004641162448642,195.57095435698616,12.07253187297969,2.504483256383017,40.184382155851914,0,train
81.48165277980786,53.40403412588738,29.088831496001436,1544.0379035956648,85.90422711824644,24.111053964889916,122.47369564161534,12.210095771447495,0.254292567140348,29.19564037548615,0,train
79.45064193866483,49.30731325984253,30.112852160048202,1889.0983639683327,81.61081373136747,51.58015730247808,42.28186658835078,12.596367582708208,1.5672261164116112,0.7491128991723804,0,train
53.251200614956446,72.34755875942872,30.947352444623203,1213.4632261951942,52.03712590523973,44.76588978162561,147.57748852870213,11.83043886036498,1.9440795514777869,159.15524286430596,0,train
67.30587658918292,41.23329635422046,27.762449772085738,1296.6765088425445,50.38295554831504,7.194520164214843,5.842489597070809,12.1663037551621,0.4343519683944037,28.212233914808728,0,train
71.65729142219342,47.1246332972818,21.474940721207957,1983.6834773965936,0.0,11.734616626561841,159.33673100886654,12.138679230982339,1.908293975854874,36.94963926120576,0,train
65.6835775985572,66.12379133571707,24.558589758243727,1494.1741182336802,10.597923645763288,54.07202150435887,46.457379065778056,10.99075606780568,1.3891423601949342,8.18900164704828,1,train
69.52321013500419,61.93831772962841,26.824805012331126,2457.932270353458,39.73572867056829,56.70851221795202,112.57368044702561,12.367318772729664,1.6273244160480254,33.055798377540505,0,train
76.8654792056457,48.142883168320324,30.52762966478992,1533.9811231613294,98.25230843225832,57.61266349561808,75.82192580767315,11.313570274259469,1.3923536546265274,264.17488453732034,0,train
61.798292724322295,52.035045674972736,23.87617299053658,1628.1583085615055,42.15974720161741,26.521932421275537,93.15022552787708,11.283424092737643,1.4392390930201397,70.5502904496064,0,train
57.9210220131585,62.562981571919124,24.073561705611457,1219.3683893866214,37.01253923357148,89.06467976326988,114.18755118307506,11.68898259722281,0.6265971110302508,19.211130585570828,0,train
65.07865549577275,60.431172344022265,30.928520773314986,1851.9373912759925,39.06639830825469,25.754176794031032,109.77408657766455,12.834534762913165,1.120717217588012,43.4681646737881,1,train
85.3080856124812,62.20070529649984,20.141929807446743,1979.5941511514152,29.92085255837003,83.11741624402771,174.45565541641446,12.355274551148893,1.0357999285767554,135.4777830368031,0,train
56.50553405595842,58.11319619850528,21.22862074990321,1884.304908520534,72.28643389337745,57.44758181347569,165.91511624263347,12.38201489078643,3.7987250183513117,44.818900224314376,0,train
35.71868300716247,76.21171088331933,18.34383523221111,1062.734550160521,59.24121786503793,31.20196705458727,175.17099142144997,11.724724034145757,2.203235954586031,4.561271498288456,0,train
48.13036862243196,63.287254914959085,27.7811500470033,2169.39004385779,80.75863836825106,48.9613404552405,79.84620054674846,12.109267021205472,1.9389243286476239,287.82405196407154,0,train
67.61866719247759,41.33017945032874,19.73292218413172,1987.4035375408682,62.76783851216766,0.0,128.61951555878377,12.540992404624971,3.356583385827982,9.255065465997541,0,train
65.36765261388415,57.34579158758926,24.135269700382885,1168.2885994542194,46.88203644126665,24.067306324280132,96.12782696370031,11.30488903742327,0.25777830736472485,11.29682623868175,0,train
46.787170808184015,81.80076715676552,15.122667168230643,1632.5821948708226,63.37483311185025,82.60263790638729,123.75838732476907,12.585858957358079,3.03630289207248,10.45138352147615,0,train
72.10388645952773,53.5967839507887,27.2676715075699,1808.9882452743484,61.83628267482756,47.78271683607212,174.7469113726618,12.372092855157517,3.2718924219386567,64.34689586827807,0,train
50.21410930496684,41.22690863714334,26.203765897442842,1228.2803097412143,48.65643419901289,51.666774549152024,93.61726592409049,13.092048366690229,3.1496720188787473,86.69565294405699,1,train
42.82217014448859,30.0,24.136863500295902,1319.3363818914659,33.55160135235599,100.0,135.7304895318309,12.688248225009769,2.9324348709546673,178.61216418966364,0,train
94.47087699374583,69.64084139801315,24.307720080081133,1483.531799815114,51.519105358321745,19.387145961808162,184.78614389054326,11.634184130545735,3.188596823087008,14.624759844401153,1,train
85.34360042856234,53.87886940467673,19.401650526869282,1415.601732864536,38.34482684776836,29.797479020994487,116.07966056696193,12.02583048842554,1.367119725115208,19.21068185401972,0,train
46.43276751759726,69.15878617925735,29.78351158397292,1728.0167891068809,30.376689377206368,13.948889693922425,143.82278227514678,11.41388312328168,2.973101561015072,1.7114754765994378,0,train
57.47364434623195,63.723308794505044,27.150208235955347,1707.9316821789432,25.585751481716827,24.35806781259469,115.49994915827776,11.353246187397952,1.7756810291218952,11.367336364613479,0,train
72.57480918470685,50.62772133456482,22.09159543025678,1521.0156489339545,89.52881169030971,41.08786671608665,16.570037056090243,12.16083927068825,1.410107682244392,52.954521080300395,0,train
72.09856436860318,56.39511902762798,20.087563032308452,1360.6148108104821,21.5208569509971,51.73168974521316,40.16056767868442,13.242594958339446,4.349075786700757,65.42794436606218,1,train
57.113674674788584,75.66241315603608,21.97142538498331,1322.2607222541317,49.026952968590976,51.4421646513388,151.34931316598662,11.554841075990064,2.1979166673420756,336.73154589873474,0,train
74.84830412950744,57.834593821140864,23.37584308245689,1841.9635683387137,61.15382121450249,53.831280499619595,115.659223693249,13.10626551969862,2.0841682301856963,0.8656361011053939,1,train
68.62943407349051,56.41577929700385,35.37630436312632,1284.9533038191585,34.617153004254035,53.72209588293411,35.6418215707875,12.856020142008946,1.0150068741829847,18.48240114011489,1,train
46.68734525043467,60.71098006974621,32.869933816450164,1021.5890798199614,100.0,32.62275214405234,122.3436250401349,12.797221195874599,2.9567031863856585,77.06238097116966,0,train
55.99041965121793,63.89583752582223,28.06758986365208,1353.3451734641178,54.19318830549251,91.41358912073854,74.50966534045587,11.084158876396987,3.5985381120963416,21.962846393892853,1,train
51.65728355561715,78.69127788746444,28.794642948933827,1428.3203702490916,69.74669033178203,22.580704539260626,52.712696965160944,12.514728740799178,0.4571967817571003,167.74063328595236,0,train
40.88775148158159,56.10612972954593,24.249722064837368,1476.1075826262854,53.466833287408164,18.80915178452288,95.04528498793655,11.505021103723992,2.3813096122647845,54.022515544924296,0,train
63.28190232121073,78.09763449762535,31.00206953972213,1668.2758343823716,54.14534658797888,32.813812014991115,213.5724872711398,12.214670411400867,3.0800560591393102,5.3695232805810695,0,train
68.67449856663085,43.159169676565526,27.184690848731748,1335.3825276777116,59.84037695985599,76.92336065295686,48.68153961670539,12.48944477927839,3.948342644789813,90.03564948429715,0,train
36.99102211112378,34.347474110150614,26.549103551135136,1422.1359967248247,37.049163887296814,27.35633239345158,137.87475746687429,12.851586304959019,2.8447743757817,88.14265963178634,1,train
43.04727577801822,52.349754017178796,24.59641709945709,1197.0807885870188,48.484714269290805,0.0,163.97324658288755,12.573220435200364,0.9680447579055651,247.47307783204616,0,train
59.22376579375525,57.664841469118805,26.979017667187044,1438.8978749469102,32.65739568578199,0.0,64.52794987862268,11.216070287317272,2.1812511626020505,116.05258156366965,0,train
53.11218892350949,32.38688653002532,23.104361295062564,1468.6652344387585,52.117889062304684,50.37163750904776,100.62496609536251,11.642659661504783,0.1581022270421426,27.31188727828521,0,train
53.654738820735446,59.945961913641476,26.12342362875943,1785.937513612826,39.0088572818284,0.0,49.47008900355433,12.121441006575138,1.9660747740720912,12.367354370907597,0,train
97.8470439982651,59.753656558908716,21.97192230131568,994.9685423337149,41.730696777534476,47.30481820815933,125.29827767279326,11.233649720055034,2.295279940620868,39.02985302298053,0,train
61.03014750143066,74.03517589721191,20.057044464245415,1799.493269444388,90.47212438459279,42.38360498603271,148.76562292389895,12.595853748553532,3.813407698515423,201.74934245731458,0,train
67.57052421784955,43.05439718013573,22.7055786856553,2031.6754790009231,41.814351237737924,8.537377233116636,107.84864804842171,12.725500719065668,2.765878279480615,60.80099924140657,0,train
51.86572619922865,51.432315153258045,30.120312629057313,1451.0799108168708,65.80743792103422,48.35441043112243,90.84247644733526,12.821689077902267,0.0,27.89768950487199,1,train
91.33011263664807,44.602270508834096,30.36253668654901,1724.3730768352602,73.39179984855548,58.62513282193203,96.13894773884772,12.112117372267646,0.913945417881914,111.49230976089497,0,train
72.7255290081299,40.793559712555755,21.490041560966223,1701.7721103608194,79.6823205707193,43.62219582742228,61.3670277364588,11.737716493116475,2.49406391897552,10.441220131407041,0,train
88.79025224218029,65.70296776508945,28.54054338344295,1048.5838877906995,73.88218806094744,9.91997861527139,-7.619177230459016,11.478711152664712,3.159381043300522,103.60603487607946,1,train
42.2094505106898,45.759016667520854,31.13834496236646,1653.3607798574942,24.952131111737618,38.151310859790186,118.38099201048554,11.653874835367052,2.2338480257895985,156.10442552986117,0,train
41.98828743896567,63.74075525566133,27.27943886040804,1691.4153304322272,27.549103875111722,21.72609310711317,199.5776651102367,12.504735894297985,0.9415593663583472,375.03150034284187,0,train
61.48769937914996,50.2403614631726,28.491116568067948,1448.9446132425214,12.12770666092429,12.871236836055047,127.8276562266879,11.749107903594235,0.6331416367191736,83.14765365449188,0,train
84.00366723779933,67.39976851321333,33.362861934188516,1458.7654456116925,67.737747801946,44.87562460070317,55.94658316693539,12.051719064654053,1.1639378478999753,4.5897936204990675,0,train
57.2919962399496,59.31620975466753,31.19141535716818,1837.8150752316506,34.32468668827207,35.32759604595038,80.61500417957194,11.86000334906276,2.480744579767984,71.79739580963648,0,train
43.769438869243785,71.35482924968028,29.99005054929826,1445.131067668548,57.528190521950336,0.0,64.65537160063255,11.588032256514,0.49977813855306397,333.40968525337604,0,train
65.96420028643195,60.2765089959809,25.219057359895547,1339.2109664657855,78.39206009027274,65.2865758852089,57.65745169373177,12.248436795253799,3.868817840543853,28.163964810765986,0,train
38.618907703653285,59.01374608390518,23.615933500555396,2087.504236266178,43.31845538040119,64.63624214038046,155.06614788678812,12.086127193205519,1.5171724091930816,35.677078125303815,0,train
74.77086876958697,65.98704171528107,29.474621884722207,1754.2265031451266,40.958193343338394,5.017345629951464,176.1619310856129,10.933702186922583,0.1406632283399425,261.1632224472996,1,train
52.762845725518424,30.0,26.405957119846878,1389.9526764555937,48.48097952714954,54.55066417711817,130.41230958424842,12.436157690014225,1.8393688804745056,88.77791779354787,0,train
65.07670184963692,53.33560109885833,29.58163837351241,1506.2381123026223,18.924824679678714,70.00197391067152,93.52413765682796,12.168072481513114,1.867830644355628,14.588840192740921,0,train
56.15952864583683,64.0736825579306,24.969645442300532,1451.9601613300078,51.70636285130048,29.675054446414148,163.84826930440937,12.128599485177963,0.5159433350756648,1.3370187395304687,0,train
76.38453830739901,76.54952823024783,31.238710363368668,1472.8400153087518,55.31756459304097,0.0,189.089945438553,11.920923077813839,2.5583364232117054,54.287307602423695,0,train
62.215115350042744,91.13101197968157,10.757286896849623,1275.836496255653,47.25256423201207,42.14217903508398,83.35697978087444,11.621618011492037,2.279267838216526,37.16013463532872,0,train
80.85683339328374,56.95431920935511,17.118039215078753,1590.5375699458398,49.81399357722771,25.880649895726442,83.1872630659464,12.733270429639301,4.814654444472553,117.69338056519867,0,train
64.79754162893099,59.00880302029025,26.996115613026397,1596.9503142554345,59.52715538712438,53.887816158556205,122.67543562772337,11.948284387854859,0.8488462634471308,172.30056418565403,0,train
43.54787933059051,86.56200953453265,20.480461792676053,1447.234256270299,56.393036518379546,51.36852280352836,81.09960504908915,12.65175396596738,0.004468219548261487,227.82079108498857,0,train
76.87494040944404,52.15709959270097,24.279562221391924,1923.279713923881,42.25800595051198,38.4498997658492,70.53641741053468,12.24378014854336,2.9005330773315916,30.47542794630119,0,train
70.36681040522424,52.15915469221441,25.626122513239537,1605.1890297820678,86.08696219573486,49.67021301723007,109.2587768414957,12.532585982857194,2.2436572237027144,304.2069753215484,0,train
70.49897369145272,37.117122436128916,22.356916591251217,1613.130118170656,55.884482580269875,42.13023624084752,94.42455864285282,12.26881495147494,1.1217367471765334,152.85956584578503,0,train
70.63547027518509,60.72127419992073,25.600156633591308,1962.9730584816566,74.77892705878875,55.17126483039178,122.46093606425171,13.033953169081776,1.7401998592324874,103.12217588937725,1,train
74.68063924377721,77.92569943387264,19.775954029894834,2122.224800924992,19.377849948885558,42.29381211120932,11.199412297579897,11.868670239841917,1.0994096474639383,0.3926071895142886,0,train
54.04450052424295,62.93767882646522,22.212541074960832,1432.9602052884443,36.30740348479992,70.77186282886838,79.10452271170547,12.429007097651073,0.4291185428740878,95.3212685863501,0,train
51.09604292632876,51.36543260643339,27.79163456260861,1991.9893588114178,58.73477103467019,55.738239605545274,88.0944781843973,12.161041155383494,2.9976320769202447,146.8508904809296,0,train
69.2148780160255,58.94751432812029,19.483166969130632,1595.752353125754,38.049796106167165,28.596979313145297,68.61330469577472,12.090531371385541,3.5091310134045504,83.66906605206098,0,train
82.37893368511106,59.50870094676002,18.05213766618202,863.4435302974216,59.9644349699357,54.93070545633462,77.04548448905041,12.1866742798557,1.7313542466902574,60.76943437512392,0,train
85.52947336298523,37.15219642824338,15.16821705311999,1224.184622524073,60.2850951203567,46.30600991066694,153.1970493780428,11.831806527294432,0.867215048732255,752.5203436032187,0,train
77.20275826054504,40.65058650388419,27.98700034924929,2118.7574757729435,25.217858486921983,14.186902411811513,123.67359495176143,11.938133659950122,2.8913036868697555,217.67936901048702,0,train
48.40497538990958,73.06687055147539,30.743828501860516,772.7279219181175,57.80929699857779,16.864384348510317,95.33065705500259,10.905039147510724,1.049089270312768,143.60293774129016,1,train
88.24901607526309,35.177149922013456,29.820435841441785,1378.905461027401,38.52796454206198,66.78857880587213,122.15010652236876,12.133409198147701,1.6117569464784611,56.57523269022081,0,train
66.49477047631461,60.835873684330416,24.679308267035037,1520.356653158221,64.30762630882488,28.92389947178794,103.63402621646706,11.228599242395177,1.2647989652367535,101.41851785009315,0,train
73.6483544458365,53.21540521126385,24.395259256961094,1837.233815995804,45.38267252310462,71.59266694136672,148.89077748431,12.253120494652963,1.5388302679653811,71.7314124236385,0,train
57.95788421097572,60.72782441917241,30.247763576596675,1526.5220658875542,63.1849133686481,6.223140844799467,154.13455269435366,12.250120234718285,1.5117261575484553,226.15941357266684,0,train
82.37166310250102,83.69358218596068,20.303323030906228,1172.8802767671461,28.165982477213714,71.17229288836799,99.87980795405731,11.41191333172261,1.4044650648161408,9.510317225448016,0,train
68.20969866101333,70.63505636382769,20.7473977289535,1693.564675785017,25.246751553454043,13.58605893099368,151.17653220926724,12.38441983798445,3.162838577534986,35.835576572479766,0,train
77.18788733591298,78.01820883245918,23.18779529298434,1721.05316912773,55.30724698799257,17.616341940924396,24.276484540961647,12.479192909921021,1.0083033365596896,282.60040009194944,0,train
52.56507483616892,74.07425708963997,21.659547731784755,2070.357205725902,71.03895235445837,44.59586290806261,116.92764381429572,11.305728723084394,1.576401418271823,66.41528756009293,0,train
39.12623251230451,51.34843004147501,33.67981901582625,1475.1957942471902,66.58949683863497,36.86364349992749,70.82003368269976,12.217385032278445,1.9209326581354438,60.309326421933186,0,train
92.98661766717134,60.20893937869419,21.559248274111383,1550.5382928808842,42.49607239352126,12.701652490117176,38.12866808887138,12.00358923345397,2.5265366836723073,52.217941577306746,0,train
76.07699869993115,72.53538168097712,33.419638457289345,1491.745528484809,36.105737378218834,22.260503631270684,130.51080847946113,12.165425652307789,2.204758882401784,3.978755136904316,0,train
52.87552571967273,77.82589910172126,34.13004856773468,1258.2389800511435,55.20561013165772,35.31677453984063,63.58638987966935,11.901859674306031,1.2235008595069998,78.55007082379247,0,train
57.04248278584209,59.39763074033485,19.020584689824076,1441.5275158941956,63.66657985622139,0.0,77.27261406282778,13.00763755523032,2.1074443743408926,52.32489435508994,1,train
65.70470890647113,79.17677793910948,28.594766553325336,1610.892657659428,44.56689779347894,48.23771838932523,95.0577399380347,11.528720997104061,2.3485951198609802,128.2596094340716,0,train
53.40762178193643,61.7134147299306,21.63254687878066,1599.5940991707043,41.265605279188094,55.63770042077589,17.168839616111313,13.621546484797367,3.8566474365619547,72.83022826106168,1,train
59.220296047073596,69.31008146326018,23.454417678987493,1292.273706037843,59.25182585707903,51.9860379521516,127.70288855579535,11.956965153604553,2.363970630852738,16.241217431059464,0,train
87.53535578144042,66.60021675079999,24.164391431067944,2293.3030041051106,54.50615844081883,61.901169813244856,213.6217360223441,12.030042997307582,1.4469101830858677,77.57938181417403,0,train
47.25112231001337,51.67200709960203,26.537033489045506,1131.135121664275,61.292118517872005,61.728864812422415,123.32726557250635,12.335765585864527,0.2188415855343666,16.400743025106447,0,train
60.1792123752051,45.024689388918134,23.487651567559357,1532.5679117329569,50.9954737436192,80.64897288405157,92.55153451163515,12.189883818020448,2.5032520647495047,26.87720454647362,0,train
34.622861200135894,63.840446014708135,33.388504070382204,1183.8952742560937,50.28546135672868,31.621555470713705,150.37219865975993,11.771075806908755,3.4350873992222355,49.3296460640756,0,train
72.70678926368313,86.32191272976547,21.68549541224526,2069.9645804685647,57.1122669757132,40.59757608212389,141.5095905931305,12.676101339433572,0.0,97.5388200245351,0,train
79.31002645239803,51.826213697865754,21.40796367215401,848.1991361957892,67.64666124646818,52.496603093509286,183.36120557755686,12.140504625140903,2.7978437798957665,52.14354274792677,0,test
54.60635607109019,75.79729279999356,24.505551734044285,1274.4092004783543,60.450282105315154,18.789284145229637,46.23438034753811,11.837194473925749,0.4728321434103524,69.10851963529035,0,test
49.47136516370939,66.85129828730676,26.90579192441389,2441.324560097998,54.78809001070754,34.08611781952635,81.1849637537502,11.880249038989126,0.6668716452221934,3.300964439678932,0,test
78.76792920582164,39.724730915754996,29.167644808044624,1703.3625958592722,80.22309860494695,79.3254931303714,114.90792329952629,12.164553389355065,2.2106684652031108,174.54861596738422,0,test
90.30712452608847,56.68553739255504,17.371718427149524,1307.5555214331143,50.5077684108482,11.744906883151906,53.771794281095005,12.961722897412477,2.881146720813369,155.13348179386242,1,test
55.301406736362104,82.55097452650726,17.908171335334842,1717.5287360543991,42.257387004209704,36.93227666010689,176.50975994316758,12.276574578189605,2.4206996310184787,2.2227014856001657,0,test
74.15555398150197,53.06587066942436,21.221274202535778,1045.885682216152,55.00400412503389,14.898635078949745,48.71236581798614,12.079731253402064,2.7034279167873088,18.920885439824715,0,test
69.66361348397007,50.65289210362853,19.149434869703203,1306.1318070468592,71.19872768093244,26.29328012687307,74.03018140869366,11.737668796466599,0.0,168.53747807542533,0,test
66.96110865929137,87.18672836995393,31.18046587605219,1665.4456128121403,48.36954653796708,35.088335414297575,132.32447688628855,11.723539581316349,2.9294099847908157,9.147602822482632,0,test
73.41176789552351,75.73513838755333,22.852972294373735,1646.756139044299,46.18192416545403,67.27451062964917,121.27224320920861,12.72630837274309,0.9097915932005702,76.15444225294775,0,test
76.80626905613678,51.79711588139412,36.45471286295371,1464.5794419026763,54.9300955686401,17.623253943084883,122.79520975853514,11.635961451072339,2.4798270353668332,88.33438344635726,0,test
60.48344456616067,81.6235293098685,24.807457652496463,1362.8711230241183,53.04709744067444,32.28793028860451,111.21082021453965,11.46131196150762,2.299647687837348,84.28015870012388,0,test
61.44772089889987,62.25452642192816,26.39497081111901,1557.14990393372,48.67734770748355,62.13078707472478,73.7775931868674,13.153958125308055,1.5182340289065248,8.797148630394105,1,test
56.00937465569341,54.09991781508959,27.68326376263643,1399.854153073197,53.53641744278796,29.39409166504891,128.48801785993234,11.93496985322319,3.0719298652117972,207.4637353958813,0,test
58.302275718994686,54.585507512713804,25.5268775307298,1676.0081404425823,18.03751296232505,14.582921785587569,79.51567036852514,12.266679622352724,2.395798848709747,161.35368007096594,0,test
61.96711021349159,46.580890466707444,27.373491164399763,1768.5114942228347,67.75310851747672,26.26149313511163,99.98431636941126,12.405399322795855,1.5354189218843817,7.569217450936599,0,test
76.61951080144006,70.50464819113488,24.72115461171147,1894.474336075214,53.97896293592989,55.56778059750671,171.81677028529893,11.988860510408143,1.1122304884614593,46.001394149711324,0,test
71.06076285221808,88.151937188371,19.800470364372345,1214.0014175223864,82.85345906511927,35.38686605860376,118.07086586365514,11.604550309166223,2.243123458512893,169.2579275317191,1,test
74.17514433261302,63.816312649518196,26.303368829119535,1251.935893788042,43.92547942446671,49.7403544342726,60.81232394377859,13.255778275792212,2.1948423402701382,160.22430483087757,1,test
56.346445165063955,76.63055370874362,21.232910648269083,1495.6643187365162,70.70498669447505,49.57472461852321,106.95301993267088,12.424805994258106,2.585299436516338,23.0656936471009,0,test
62.92603548243223,88.64124960705196,29.623168414563843,1334.64428510144,47.10962658568965,64.20461651332153,56.98074946102491,11.68634327702435,1.968796511060916,34.56628809387777,0,test
64.5095787785886,73.08685992420217,30.867369287426627,1382.5054297734628,77.62908157380973,28.33761551929505,69.29387174958418,12.615111087825394,2.223153054747697,161.86093410817165,0,test
40.903305196136415,45.495357853061805,33.63481925616703,1311.9848326230103,89.85030706336237,58.31230256949506,81.93447190163548,13.576028367256043,1.154846041573841,90.01625328667255,1,test
38.554397669558995,50.94022219926269,31.900456770737257,1868.0799671652921,53.10381367717958,92.21106932174813,159.8623461822614,11.98208721064677,2.3933070500053235,390.97978508358096,0,test
66.01277722115164,62.911349893474615,27.53917878144812,1358.3728266908618,23.47055743377834,72.39679454657536,73.39157184364052,11.970292409363752,0.0,452.1318045769716,0,test
61.70492168243732,65.07744611241621,23.256739327960705,1560.1707591692827,50.010559177131945,49.302636815171574,160.02658292369364,13.06238570150848,2.633661024774059,173.16257412276724,1,test
50.93262440127316,69.0901492701846,25.202958456019413,1427.6227036144373,59.44812555760755,66.12721185211883,66.15024307707344,12.153806334094599,1.373684723816993,47.1318443648194,0,test
77.33817368154783,50.222458382967616,22.58406768850313,1360.1890494395273,71.2041981499776,29.56582965987289,102.94921107947987,13.04792175090458,1.190619178917246,106.65927320841779,1,test
49.63418537998565,58.559101504130254,20.39663203460317,1019.4102564308495,28.578926407019022,24.210556770866717,158.63784226337225,12.411639957838853,1.7082413677414627,294.0353121782458,0,test
75.29077189997659,65.65817812596781,19.483958171391585,1414.1987334359667,48.75617966001378,45.36782957926316,169.2266023796953,12.231241812033428,1.1556759628169289,154.51635577488867,0,test
68.36138722715626,64.28798086087357,24.86347730245034,1809.7638613024972,39.28397073895404,19.035355038819226,73.7060162052398,12.159762335391477,1.4743690660146156,27.22513548749383,0,test
79.52967485799334,52.83513829852325,24.813888817450792,623.5948549516178,56.00948719221657,28.56745862283025,137.98561477420841,12.30206044479426,3.420504287271063,23.753569565478998,0,test
56.54413170794038,56.790167336617365,25.85208111187744,1437.564942818238,36.793577210531055,36.023869739998716,189.81804114634818,11.844846147307548,1.6826495077574652,206.89213499470281,0,test
85.50311401166786,50.210640310464136,25.073440973645987,1558.4208584156324,22.379107936924502,89.6818999807702,46.969746680169955,12.043348849707199,2.5442203523403473,98.30749593433282,0,test
54.84616999541062,77.5167309248971,27.470150931413695,1236.6052239730316,36.837670218494864,86.77412938429455,85.57256520621476,12.17335498880246,2.460271624982304,27.9204498156098,0,test
68.48074906036454,67.38676896012224,17.575510157750482,1191.6974577222127,71.94305423507392,12.567436809178897,181.42342773861608,12.414114845092312,2.0273133798514387,17.537807086470178,0,test
61.2114777291026,77.23909989428513,25.84680412018039,1426.1812535610154,63.60432210900899,46.32913095094953,133.27084118458893,12.112880761555877,1.9401738564700963,52.16552496383981,0,test
63.278953377996515,40.806345498964475,23.982098199488192,1449.353483042997,61.68825960944969,51.582213252952656,243.4201527833384,12.260639952506907,2.8920675997317207,33.02897764484747,0,test
36.30079633013303,46.386545069376034,21.55406090955216,940.039014878082,31.201937977822706,33.626105161157554,30.144090744350436,11.12618174508587,2.198680009547407,345.2289436276261,1,test
65.31505762449139,37.716594404445416,18.4408188382492,1232.6423323754138,58.43173221228911,60.353794052956665,120.82230190507264,11.103446773732712,3.0059245117964166,69.6893250375225,1,test
57.05359694349442,72.45503724816368,23.704789270896484,1251.7229338053842,40.93503181953973,19.99903589005884,2.4449067980687573,12.61979200322078,3.139555536025469,31.42040359331152,0,test
93.14256258823829,54.610618638194104,32.807555983634266,1627.2183133392268,31.515337114633912,74.7084444552112,103.90715314848237,11.918938012260071,0.5673287102603473,61.205507791698146,0,test
65.1534959152938,74.58831674440094,23.41795775152599,1558.3822365711728,50.68304834976049,1.2845425284063339,136.0567681272791,11.620148441259856,0.9202636787241516,22.42833752737028,0,test
77.33090239991735,56.17534173868717,31.92136409255259,1200.2093303115266,33.78284977579324,61.20435531666671,80.50381467202773,12.365690126287497,1.7026239207568936,126.60899436457511,0,test
74.36179725578234,53.69719774356214,18.95152628579446,1470.4235603147215,63.91075515131555,63.78623192645216,45.39181836409551,12.59094554647998,3.6994359830087093,207.75717911851802,0,test
66.16052461471428,56.29233926219105,22.178762006713058,1856.6740114423928,40.13754355200456,41.80092153209362,124.80995936816582,11.01225611439143,1.410667768572638,119.54479683386386,1,test
51.20863648649295,44.81843437109749,23.779216823546758,1399.5674003680379,42.91918578117952,82.49893436440951,102.06628161353092,12.210773041768281,1.8891874397209125,169.31280315353635,0,test
84.16497343682637,63.33200657450569,25.140905786845643,1580.137995303445,62.134461182723655,37.98500626758098,126.60030994109715,12.017356874376281,1.3699750204661056,17.103020498506684,0,test
63.0812361277885,71.78700237976248,28.611906789138857,1208.5029796376143,37.882783584822135,46.60050203334175,84.89097065086892,12.681281426356225,0.8054770602339649,22.026058993695663,0,test
63.047854184484734,75.98220562598027,24.06514348507277,1203.8461418546449,27.9969153405661,0.0,216.00203610086297,11.40798472088872,1.6634474101218266,79.16766671208309,0,test
77.98632791255181,60.3913657531625,19.926216346535668,1848.5634907824572,18.715167765778972,53.95348786296266,152.93642649419394,12.08402990298341,2.6986888135170437,26.699756700097925,0,test
80.46499283743927,65.06403993112804,22.2484742307729,1432.056332429542,23.082581530535702,18.29268170309084,186.74682879184041,11.079961127747124,0.9803046802911433,11.32013237341953,1,test
71.02567583148412,86.93816509643283,20.13465529559222,975.4404080285458,72.2537674997985,57.0339877610737,32.227624844385545,11.89219521071599,3.1954806508254787,40.54148991744415,0,test
69.86125954092192,61.2988468120935,21.872186492452354,1469.9537770560141,66.5019652933527,0.3504171940510403,31.416315138476705,11.734272724320393,1.2619429163386084,424.05780426436115,0,test
63.394544600681634,65.14088019566556,28.766708105522664,859.2977358063913,38.39893517259914,63.30478910650962,154.4384827108336,11.953527896693206,0.8428833812867291,20.745081803342398,0,test
69.15036198995028,38.88732457923268,21.23017705566662,1984.6127068408325,33.29714196739954,14.786132898094799,49.889149053663765,11.96765569748374,1.8246215441013094,98.89433220666194,0,test
75.04508823245058,43.94872850510771,21.743215531040853,1389.11689918691,55.26974430662119,11.307715254608318,42.949574512363085,12.456736866008704,1.2386447301910595,208.69337155425404,0,test
42.27729162971203,66.6639496722906,20.158277725681824,1422.3285078887768,61.7710653954144,55.311719850340054,191.48101008580437,11.924142783211385,1.9368769868887517,248.59792622560963,0,test
49.441307685103155,86.96529790274283,35.30751788318199,1492.043622225282,44.420741393363826,46.44381350356877,140.77505112221314,10.961094090071901,1.1948282482571237,117.74196902628968,1,test
63.90756631014691,54.377687886756036,23.876834250014877,1560.3478967618519,44.6669534153117,1.6106969198223524,144.68488446945554,12.13238765548899,1.2839565637241597,66.53094822375598,0,test
53.693957534637654,76.37260277883692,29.26707779390154,1664.0200704604138,59.32716748892669,55.64077334115002,79.20165360263206,12.169343658960845,1.2880267727410772,26.529320334016116,0,test
69.96895147105346,65.91678213567445,27.71800077297216,1947.8065706878565,55.2512265800385,48.19552932107713,39.89252369619556,11.94343597374213,2.961987189071841,99.59707625687814,0,test
70.15427434352692,65.56718810056964,32.38270174862948,1729.824083515407,43.44210566974164,65.53458238573496,121.27449666201152,11.444209875243224,1.8956572070131081,112.1758836160869,0,test
57.93442541572516,62.49678312319584,29.747770677206617,1547.95691759922,6.9331416025751125,45.41938909406573,51.76472871246426,12.804390427867187,1.3461016116744235,55.78156560250175,1,test
74.50878533477017,67.08896223619564,33.195584027220335,1015.1068174690236,64.61528238133049,26.72572755470089,109.47399106105404,11.938971433939361,0.8205403354922196,442.4012812043892,0,test
96.8323429551895,45.36190120534001,15.031321787142723,1303.7772950617727,20.97648619896882,28.354860772045928,131.93300843215513,12.626421317213742,2.2095342302627943,15.85366345000549,0,test
61.61335549270196,68.15040288569902,22.131499980307105,1674.6293110405848,55.547538759163835,100.0,76.84193189573006,10.75336458983496,0.576317363116077,15.533066980890384,1,test
77.20264454000957,62.94832164767362,27.789051531759313,1769.0517947596595,59.95486178182789,31.968930847052206,49.262025340707396,12.048835188374168,2.383435031403644,170.27714516941884,0,test
47.03183161116728,66.71562840025973,28.36590675634979,1566.971674238748,59.44004541838549,12.342662189709145,41.41728263412191,12.093208084872023,2.662051834758473,128.49309175001372,0,test
50.379774946590175,51.39506989679646,12.502971425632134,1895.1345202019595,27.77084086125936,10.61013485937871,69.67483058921302,11.81998036562151,2.0128286435436853,2.0175087880600957,0,test
67.98589543360205,49.09294236262697,36.59664769990847,1316.4692727284144,63.58746565913007,33.5955061876155,158.5099354598302,11.084427560830825,1.401562419418953,34.129431239945184,1,test
63.66319940730818,58.51236204330926,18.515840260220767,1397.0423173507768,63.79415610490389,35.237422350054715,179.4313464021798,10.804847816265282,2.6802302084176293,44.88937519811549,1,test
77.84598191485209,77.38994705046372,18.329872525408977,1357.5289030132426,59.24345332163885,33.89798815814497,135.61610797900812,12.419734252259202,2.263550811954785,59.98937868504367,0,test
67.25590679714311,87.7006098860405,26.49646290203246,1584.0483476458821,34.83009330599861,27.506745596209235,71.80262559708784,12.268145454758596,1.5956380073099772,29.87117607918307,0,test
77.74403145531537,40.84877136269536,29.19245387225821,1701.4020229351397,33.834685567181474,16.832542278817233,116.9011740550854,11.879667412734893,1.7915317894595921,78.09194982199996,0,test
84.16515232847763,83.66179919645211,35.825011724505416,1650.253342483337,31.649943579714726,58.94804624809049,58.39693475750717,11.577529280703251,0.0,47.202058887062314,0,test
57.39585236943305,65.73614619276076,30.953231373931708,1527.8534703423345,39.47930314664839,10.805511218301625,161.5000286359575,11.314128435368247,3.0251091525817735,13.594629571954329,0,test
54.38495801571829,62.77254185542311,27.095095046830227,1785.8623641608817,41.584764126378936,21.042948277810247,64.38896181754745,13.021038020071872,3.4244958212469476,97.43091960868718,1,test
73.20646071755057,78.83634188360281,30.42947782915789,1025.64278939036,60.69011296961101,62.884756889004045,188.0594062433687,12.327487792110844,1.8030781920031105,73.05696752151296,0,test
69.45477009849779,70.44309547220128,20.76519325840836,2276.8690926055842,17.13622377691665,62.55692934466618,55.167888634239596,11.784437215212451,2.2435302041863445,133.19402773500025,0,test
41.74004853400801,34.613030554277714,26.606786077251364,1645.4198451883424,58.76951477619455,47.41438862851904,95.53829228892755,12.298220568790876,1.7569388011191336,44.86965463877523,0,test
70.19672314245463,76.89847544321637,14.233049431981426,1597.7388949746498,83.22940331456036,77.98209809104422,81.5396399776277,12.275398786136831,3.1277802506338985,70.53102363562192,0,test
52.59153584671515,69.49397726633266,25.91679959889578,1578.0965516313663,58.173056229613415,44.85269077383394,51.01393876415966,11.902304824411488,2.680220360476691,67.39574653890303,0,test
61.481192999372794,65.65950739567279,26.732442379489964,1281.5991176312596,66.35779316050058,27.702438812344873,128.9928642647566,11.886261870023295,2.072278965384289,379.1496368180414,0,test
86.76715411692562,39.31021157978209,18.140494285343216,1407.5897147442777,53.20036451705575,0.0,172.5463774139606,11.451315840514466,0.9078787996514328,298.1458071564506,0,test
69.93126664489526,47.25233445802812,26.193945795132567,1389.8916482750033,47.04439362365057,34.92548406510857,160.94853948968316,11.540936508291713,2.079801484058733,240.31175865554863,0,test
56.69526041979227,68.54650920348305,31.448763770413727,1816.8170427198156,59.99370220605868,68.3905036795736,100.94095248702992,12.558416887764977,0.44848775094107096,136.00532722136845,0,test
64.81629840729629,39.833242334485846,32.65375416171849,1712.4643269769672,44.12066104671636,0.0,145.68858106927928,11.898737886467584,2.6813623265753055,127.2954256690394,0,test
60.27096133039482,59.435479463627274,23.52525160853986,1339.4015442138232,40.59915704480997,49.19123232478554,136.78109986228733,12.506318704822036,2.045491476330752,123.93299493894105,0,test
74.21250050065137,49.85411546911095,33.34952252175703,1440.7984739078022,34.73427791642837,48.81262420892199,79.40883155181714,12.155554995571597,2.850079332417553,29.391984146417467,0,test
51.35918817807892,67.07202535703993,30.9351515278019,1068.51660650479,65.69208575796048,59.72641718438797,69.39165414225897,12.175739950176101,1.8626890342111204,68.66551554436495,0,test
44.25800403553496,68.58874172034238,27.962634746005914,1276.5292065580652,56.80102589137781,36.11852377938128,82.16634329100644,12.180323945717898,0.8058105989077107,184.63871430522528,0,test
86.98473153382331,34.95892078317942,27.6141774401775,1866.310108657606,51.198652605326565,44.3802854727128,160.01308748694146,12.251372403745407,4.169936588080542,9.763202338712915,1,test
52.29809422897392,70.66439952305237,27.75026049512276,1584.9863614638427,41.41511159402676,58.91971699967455,144.64769350543847,12.637695368999507,1.5833746943845375,83.4369299518789,0,test
88.07054849698955,85.14655968412924,27.385204136115608,1123.7131730492251,74.72261443612436,3.785214634161399,185.12573290648027,12.655991869286973,1.2952715643891162,243.27875957432119,0,test
93.29278851815795,48.39316201344641,28.06386952531285,1536.8010947984387,31.987585307042625,24.881383386544684,35.34292281206761,11.610073526889181,1.7057574943635423,47.532272203556325,0,test
86.61909933599173,70.61627903183214,30.456550602971344,1513.0807339117362,56.95352967076673,34.85351422799149,89.21661812261839,12.50091242684097,1.8678634110984527,275.661035986097,0,test
54.22333668121346,50.43390023623026,18.165606507922895,1790.837160158021,63.86957823827987,24.803118483104555,133.94656450296392,11.925029640460446,1.0596010835156466,11.182192374809164,0,test
66.11142170629662,52.46918663471083,26.412899752441497,1049.108901481454,42.60946142333283,76.81676689377454,144.4518561139946,12.194156002711726,2.6958638390937852,8.06501542336196,0,test
59.85928225209846,73.0440888015849,35.44187352390364,1306.2107462626395,32.60673837450611,24.115940279359265,182.47404471619603,13.024906047892962,3.351072892413139,35.58511759046725,1,test
